npm notice
npm notice 📦  devmethod-ai@0.5.0
npm notice Tarball Contents
npm notice 1.4kB .agents/skills/decision-architecture/assets/ADR.md
npm notice 4.2kB .agents/skills/decision-architecture/references/api-contracts.md
npm notice 5.5kB .agents/skills/decision-architecture/references/architecture-visuals.md
npm notice 3.5kB .agents/skills/decision-architecture/references/backend-boundaries.md
npm notice 8.9kB .agents/skills/decision-architecture/references/capacity-and-operations.md
npm notice 3.7kB .agents/skills/decision-architecture/references/product-decisions.md
npm notice 5.0kB .agents/skills/decision-architecture/references/tool-and-service-selection.md
npm notice 5.6kB .agents/skills/decision-architecture/SKILL.md
npm notice 1.2kB .agents/skills/design-to-code/assets/DIRECTION_COMPARISON.md
npm notice 1.0kB .agents/skills/design-to-code/assets/UI_ACCEPTANCE.md
npm notice 3.5kB .agents/skills/design-to-code/references/design-evidence.md
npm notice 4.9kB .agents/skills/design-to-code/references/ux-contract.md
npm notice 9.9kB .agents/skills/design-to-code/references/visual-creation.md
npm notice 2.6kB .agents/skills/design-to-code/SKILL.md
npm notice 1.2kB .agents/skills/devmethod-architecture/SKILL.md
npm notice 1.1kB .agents/skills/devmethod-correct-course/SKILL.md
npm notice 1.1kB .agents/skills/devmethod-design/SKILL.md
npm notice 1.0kB .agents/skills/devmethod-explore/SKILL.md
npm notice 1.0kB .agents/skills/devmethod-frame/SKILL.md
npm notice 1.1kB .agents/skills/devmethod-handoff/SKILL.md
npm notice 1.1kB .agents/skills/devmethod-implement/SKILL.md
npm notice 1.1kB .agents/skills/devmethod-integrate/SKILL.md
npm notice 1.1kB .agents/skills/devmethod-next/SKILL.md
npm notice 1.1kB .agents/skills/devmethod-plan/SKILL.md
npm notice 1.1kB .agents/skills/devmethod-ready/SKILL.md
npm notice 2.2kB .agents/skills/devmethod-review/SKILL.md
npm notice 1.1kB .agents/skills/devmethod-status/SKILL.md
npm notice 1.1kB .agents/skills/devmethod-verify/SKILL.md
npm notice 1.4kB .agents/skills/project-foundation/assets/AGENTS.foundation.md
npm notice 378B .agents/skills/project-foundation/assets/CADRAGE.md
npm notice 2.2kB .agents/skills/project-foundation/assets/ENGINEERING_POLICY.template.md
npm notice 764B .agents/skills/project-foundation/assets/EXISTANT.md
npm notice 772B .agents/skills/project-foundation/assets/OPPORTUNITES.md
npm notice 2.3kB .agents/skills/project-foundation/assets/PROJECT_PROFILE.md
npm notice 334B .agents/skills/project-foundation/assets/REGLES.md
npm notice 4.2kB .agents/skills/project-foundation/assets/START_HERE.md
npm notice 3.0kB .agents/skills/project-foundation/references/delivery-planning.md
npm notice 4.8kB .agents/skills/project-foundation/references/existing-project.md
npm notice 3.5kB .agents/skills/project-foundation/references/exploration.md
npm notice 7.8kB .agents/skills/project-foundation/references/mission-context.md
npm notice 13.0kB .agents/skills/project-foundation/references/operating-commands.md
npm notice 6.7kB .agents/skills/project-foundation/references/portable-study.md
npm notice 4.3kB .agents/skills/project-foundation/references/product-maturity.md
npm notice 1.7kB .agents/skills/project-foundation/references/profiles/ci.md
npm notice 2.6kB .agents/skills/project-foundation/references/profiles/cloud-delivery.md
npm notice 2.1kB .agents/skills/project-foundation/references/profiles/messaging.md
npm notice 1.5kB .agents/skills/project-foundation/references/profiles/mongodb.md
npm notice 2.5kB .agents/skills/project-foundation/references/profiles/node-nest.md
npm notice 2.7kB .agents/skills/project-foundation/references/profiles/postgres-drizzle.md
npm notice 1.8kB .agents/skills/project-foundation/references/profiles/react-next.md
npm notice 2.2kB .agents/skills/project-foundation/references/profiles/README.md
npm notice 1.5kB .agents/skills/project-foundation/references/profiles/typescript.md
npm notice 4.8kB .agents/skills/project-foundation/references/work-sizing.md
npm notice 8.1kB .agents/skills/project-foundation/references/working-modes.md
npm notice 9.8kB .agents/skills/project-foundation/SKILL.md
npm notice 4.7kB .agents/skills/react-feature-engineering/references/review-and-sources.md
npm notice 22.6kB .agents/skills/react-feature-engineering/references/vercel/composition-patterns/AGENTS.md
npm notice 530B .agents/skills/react-feature-engineering/references/vercel/composition-patterns/metadata.json
npm notice 2.1kB .agents/skills/react-feature-engineering/references/vercel/composition-patterns/README.md
npm notice 829B .agents/skills/react-feature-engineering/references/vercel/composition-patterns/rules/_sections.md
npm notice 329B .agents/skills/react-feature-engineering/references/vercel/composition-patterns/rules/_template.md
npm notice 2.3kB .agents/skills/react-feature-engineering/references/vercel/composition-patterns/rules/architecture-avoid-boolean-props.md
npm notice 2.6kB .agents/skills/react-feature-engineering/references/vercel/composition-patterns/rules/architecture-compound-components.md
npm notice 1.9kB .agents/skills/react-feature-engineering/references/vercel/composition-patterns/rules/patterns-children-over-render-props.md
npm notice 2.4kB .agents/skills/react-feature-engineering/references/vercel/composition-patterns/rules/patterns-explicit-variants.md
npm notice 953B .agents/skills/react-feature-engineering/references/vercel/composition-patterns/rules/react19-no-forwardref.md
npm notice 5.0kB .agents/skills/react-feature-engineering/references/vercel/composition-patterns/rules/state-context-interface.md
npm notice 2.7kB .agents/skills/react-feature-engineering/references/vercel/composition-patterns/rules/state-decouple-implementation.md
npm notice 3.2kB .agents/skills/react-feature-engineering/references/vercel/composition-patterns/rules/state-lift-state.md
npm notice 2.9kB .agents/skills/react-feature-engineering/references/vercel/composition-patterns/SKILL.md
npm notice 1.4kB .agents/skills/react-feature-engineering/references/vercel/LICENSE-agent-skills.txt
npm notice 26.7kB .agents/skills/react-feature-engineering/references/vercel/MANIFEST.json
npm notice 2.9kB .agents/skills/react-feature-engineering/references/vercel/PROVENANCE.md
npm notice 108.3kB .agents/skills/react-feature-engineering/references/vercel/react-best-practices/AGENTS.md
npm notice 921B .agents/skills/react-feature-engineering/references/vercel/react-best-practices/metadata.json
npm notice 3.4kB .agents/skills/react-feature-engineering/references/vercel/react-best-practices/README.md
npm notice 1.6kB .agents/skills/react-feature-engineering/references/vercel/react-best-practices/rules/_sections.md
npm notice 631B .agents/skills/react-feature-engineering/references/vercel/react-best-practices/rules/_template.md
npm notice 1.8kB .agents/skills/react-feature-engineering/references/vercel/react-best-practices/rules/advanced-effect-event-deps.md
npm notice 1.5kB .agents/skills/react-feature-engineering/references/vercel/react-best-practices/rules/advanced-event-handler-refs.md
npm notice 958B .agents/skills/react-feature-engineering/references/vercel/react-best-practices/rules/advanced-init-once.md
npm notice 1.1kB .agents/skills/react-feature-engineering/references/vercel/react-best-practices/rules/advanced-use-latest.md
npm notice 1.1kB .agents/skills/react-feature-engineering/references/vercel/react-best-practices/rules/async-api-routes.md
npm notice 1.2kB .agents/skills/react-feature-engineering/references/vercel/react-best-practices/rules/async-cheap-condition-before-await.md
npm notice 2.2kB .agents/skills/react-feature-engineering/references/vercel/react-best-practices/rules/async-defer-await.md
npm notice 1.3kB .agents/skills/react-feature-engineering/references/vercel/react-best-practices/rules/async-dependencies.md
npm notice 654B .agents/skills/react-feature-engineering/references/vercel/react-best-practices/rules/async-parallel.md
npm notice 2.5kB .agents/skills/react-feature-engineering/references/vercel/react-best-practices/rules/async-suspense-boundaries.md
npm notice 2.4kB .agents/skills/react-feature-engineering/references/vercel/react-best-practices/rules/bundle-analyzable-paths.md
npm notice 2.8kB .agents/skills/react-feature-engineering/references/vercel/react-best-practices/rules/bundle-barrel-imports.md
npm notice 949B .agents/skills/react-feature-engineering/references/vercel/react-best-practices/rules/bundle-conditional.md
npm notice 920B .agents/skills/react-feature-engineering/references/vercel/react-best-practices/rules/bundle-defer-third-party.md
npm notice 791B .agents/skills/react-feature-engineering/references/vercel/react-best-practices/rules/bundle-dynamic-imports.md
npm notice 1.1kB .agents/skills/react-feature-engineering/references/vercel/react-best-practices/rules/bundle-preload.md
npm notice 2.0kB .agents/skills/react-feature-engineering/references/vercel/react-best-practices/rules/client-event-listeners.md
npm notice 1.9kB .agents/skills/react-feature-engineering/references/vercel/react-best-practices/rules/client-localstorage-schema.md
npm notice 1.6kB .agents/skills/react-feature-engineering/references/vercel/react-best-practices/rules/client-passive-event-listeners.md
npm notice 1.2kB .agents/skills/react-feature-engineering/references/vercel/react-best-practices/rules/client-swr-dedup.md
npm notice 3.3kB .agents/skills/react-feature-engineering/references/vercel/react-best-practices/rules/js-batch-dom-css.md
npm notice 1.9kB .agents/skills/react-feature-engineering/references/vercel/react-best-practices/rules/js-cache-function-results.md
npm notice 532B .agents/skills/react-feature-engineering/references/vercel/react-best-practices/rules/js-cache-property-access.md
npm notice 1.7kB .agents/skills/react-feature-engineering/references/vercel/react-best-practices/rules/js-cache-storage.md
npm notice 753B .agents/skills/react-feature-engineering/references/vercel/react-best-practices/rules/js-combine-iterations.md
npm notice 1.1kB .agents/skills/react-feature-engineering/references/vercel/react-best-practices/rules/js-early-exit.md
npm notice 1.4kB .agents/skills/react-feature-engineering/references/vercel/react-best-practices/rules/js-flatmap-filter.md
npm notice 1.0kB .agents/skills/react-feature-engineering/references/vercel/react-best-practices/rules/js-hoist-regexp.md
npm notice 837B .agents/skills/react-feature-engineering/references/vercel/react-best-practices/rules/js-index-maps.md
npm notice 1.7kB .agents/skills/react-feature-engineering/references/vercel/react-best-practices/rules/js-length-check-first.md
npm notice 2.3kB .agents/skills/react-feature-engineering/references/vercel/react-best-practices/rules/js-min-max-loop.md
npm notice 2.6kB .agents/skills/react-feature-engineering/references/vercel/react-best-practices/rules/js-request-idle-callback.md
npm notice 532B .agents/skills/react-feature-engineering/references/vercel/react-best-practices/rules/js-set-map-lookups.md
npm notice 1.8kB .agents/skills/react-feature-engineering/references/vercel/react-best-practices/rules/js-tosorted-immutable.md
npm notice 564B .agents/skills/react-feature-engineering/references/vercel/react-best-practices/rules/rendering-activity.md
npm notice 1.2kB .agents/skills/react-feature-engineering/references/vercel/react-best-practices/rules/rendering-animate-svg-wrapper.md
npm notice 980B .agents/skills/react-feature-engineering/references/vercel/react-best-practices/rules/rendering-conditional-render.md
npm notice 815B .agents/skills/react-feature-engineering/references/vercel/react-best-practices/rules/rendering-content-visibility.md
npm notice 1.0kB .agents/skills/react-feature-engineering/references/vercel/react-best-practices/rules/rendering-hoist-jsx.md
npm notice 2.3kB .agents/skills/react-feature-engineering/references/vercel/react-best-practices/rules/rendering-hydration-no-flicker.md
npm notice 872B .agents/skills/react-feature-engineering/references/vercel/react-best-practices/rules/rendering-hydration-suppress-warning.md
npm notice 2.5kB .agents/skills/react-feature-engineering/references/vercel/react-best-practices/rules/rendering-resource-hints.md
npm notice 1.9kB .agents/skills/react-feature-engineering/references/vercel/react-best-practices/rules/rendering-script-defer-async.md
npm notice 588B .agents/skills/react-feature-engineering/references/vercel/react-best-practices/rules/rendering-svg-precision.md
npm notice 2.1kB .agents/skills/react-feature-engineering/references/vercel/react-best-practices/rules/rendering-usetransition-loading.md
npm notice 973B .agents/skills/react-feature-engineering/references/vercel/react-best-practices/rules/rerender-defer-reads.md
npm notice 824B .agents/skills/react-feature-engineering/references/vercel/react-best-practices/rules/rerender-dependencies.md
npm notice 1.2kB .agents/skills/react-feature-engineering/references/vercel/react-best-practices/rules/rerender-derived-state-no-effect.md
npm notice 728B .agents/skills/react-feature-engineering/references/vercel/react-best-practices/rules/rerender-derived-state.md
npm notice 3.0kB .agents/skills/react-feature-engineering/references/vercel/react-best-practices/rules/rerender-functional-setstate.md
npm notice 2.0kB .agents/skills/react-feature-engineering/references/vercel/react-best-practices/rules/rerender-lazy-state-init.md
npm notice 1.2kB .agents/skills/react-feature-engineering/references/vercel/react-best-practices/rules/rerender-memo-with-default-value.md
npm notice 1.1kB .agents/skills/react-feature-engineering/references/vercel/react-best-practices/rules/rerender-memo.md
npm notice 1.3kB .agents/skills/react-feature-engineering/references/vercel/react-best-practices/rules/rerender-move-effect-to-event.md
npm notice 2.1kB .agents/skills/react-feature-engineering/references/vercel/react-best-practices/rules/rerender-no-inline-components.md
npm notice 1.0kB .agents/skills/react-feature-engineering/references/vercel/react-best-practices/rules/rerender-simple-expression-in-memo.md
npm notice 1.8kB .agents/skills/react-feature-engineering/references/vercel/react-best-practices/rules/rerender-split-combined-hooks.md
npm notice 1.1kB .agents/skills/react-feature-engineering/references/vercel/react-best-practices/rules/rerender-transitions.md
npm notice 1.8kB .agents/skills/react-feature-engineering/references/vercel/react-best-practices/rules/rerender-use-deferred-value.md
npm notice 1.7kB .agents/skills/react-feature-engineering/references/vercel/react-best-practices/rules/rerender-use-ref-transient-values.md
npm notice 2.0kB .agents/skills/react-feature-engineering/references/vercel/react-best-practices/rules/server-after-nonblocking.md
npm notice 2.6kB .agents/skills/react-feature-engineering/references/vercel/react-best-practices/rules/server-auth-actions.md
npm notice 1.4kB .agents/skills/react-feature-engineering/references/vercel/react-best-practices/rules/server-cache-lru.md
npm notice 2.2kB .agents/skills/react-feature-engineering/references/vercel/react-best-practices/rules/server-cache-react.md
npm notice 2.1kB .agents/skills/react-feature-engineering/references/vercel/react-best-practices/rules/server-dedup-props.md
npm notice 4.4kB .agents/skills/react-feature-engineering/references/vercel/react-best-practices/rules/server-hoist-static-io.md
npm notice 1.8kB .agents/skills/react-feature-engineering/references/vercel/react-best-practices/rules/server-no-shared-module-state.md
npm notice 1.6kB .agents/skills/react-feature-engineering/references/vercel/react-best-practices/rules/server-parallel-fetching.md
npm notice 992B .agents/skills/react-feature-engineering/references/vercel/react-best-practices/rules/server-parallel-nested-fetching.md
npm notice 996B .agents/skills/react-feature-engineering/references/vercel/react-best-practices/rules/server-serialization.md
npm notice 7.3kB .agents/skills/react-feature-engineering/references/vercel/react-best-practices/SKILL.md
npm notice 7.8kB .agents/skills/react-feature-engineering/references/vercel/upstream-agent-skills-README.txt
npm notice 18.7kB .agents/skills/react-feature-engineering/references/vercel/upstream-web-interface-README.txt
npm notice 7.8kB .agents/skills/react-feature-engineering/references/vercel/web-design-guidelines/command.md
npm notice 1.1kB .agents/skills/react-feature-engineering/references/vercel/web-design-guidelines/LICENSE.txt
npm notice 1.2kB .agents/skills/react-feature-engineering/references/vercel/web-design-guidelines/SKILL.md
npm notice 4.2kB .agents/skills/react-feature-engineering/SKILL.md
npm notice 790B .agents/skills/reliable-ai-integration/assets/AI_EVALUATION.md
npm notice 2.8kB .agents/skills/reliable-ai-integration/references/evidence-and-media.md
npm notice 2.2kB .agents/skills/reliable-ai-integration/references/jobs-and-costs.md
npm notice 2.1kB .agents/skills/reliable-ai-integration/SKILL.md
npm notice 1.2kB .agents/skills/scoped-delivery/assets/CHECKPOINT.md
npm notice 2.3kB .agents/skills/scoped-delivery/assets/MISSION.md
npm notice 1.3kB .agents/skills/scoped-delivery/assets/PLAN.md
npm notice 840B .agents/skills/scoped-delivery/assets/REPRISE.md
npm notice 2.8kB .agents/skills/scoped-delivery/assets/REVIEW.md
npm notice 807B .agents/skills/scoped-delivery/assets/SLICE.md
npm notice 1.3kB .agents/skills/scoped-delivery/assets/TICKET.md
npm notice 1.7kB .agents/skills/scoped-delivery/assets/VERIFICATION.md
npm notice 6.4kB .agents/skills/scoped-delivery/references/bounded-correction.md
npm notice 3.4kB .agents/skills/scoped-delivery/references/review-format.md
npm notice 2.9kB .agents/skills/scoped-delivery/references/review-report.md
npm notice 8.2kB .agents/skills/scoped-delivery/references/review-workflow.md
npm notice 10.2kB .agents/skills/scoped-delivery/references/verification-and-cost.md
npm notice 6.0kB .agents/skills/scoped-delivery/SKILL.md
npm notice 5.9kB COMPATIBILITY.md
npm notice 4.2kB CONTRIBUTING.md
npm notice 1.1kB LICENSE
npm notice 25.1kB README.md
npm notice 3.4kB START_HERE.md
npm notice 3.6kB VALIDATION.md
npm notice 2.5kB dist/application-evidence-cli.js
npm notice 4.0kB dist/behavior.js
npm notice 12.1kB dist/checkpoint.js
npm notice 17.7kB dist/cli-commands.js
npm notice 724B dist/cli.js
npm notice 7.1kB dist/closure.js
npm notice 1.7kB dist/commands.js
npm notice 8.5kB dist/doctor.js
npm notice 9.2kB dist/evidence-contract.js
npm notice 4.2kB dist/evidence-process.js
npm notice 14.4kB dist/evidence-runtime.js
npm notice 9.9kB dist/evidence-store.js
npm notice 1.9kB dist/filesystem.js
npm notice 1.9kB dist/guard-cli.js
npm notice 3.8kB dist/guard-context.js
npm notice 4.6kB dist/guard-revision.js
npm notice 2.5kB dist/guard-state.js
npm notice 2.8kB dist/guard-store.js
npm notice 7.5kB dist/guard.js
npm notice 9.1kB dist/init.js
npm notice 9.2kB dist/loop.js
npm notice 7.8kB dist/mission.js
npm notice 6.4kB dist/planner.js
npm notice 4.5kB dist/records.js
npm notice 1.3kB dist/review-agent.js
npm notice 13.4kB dist/review-app.js
npm notice 46.0kB dist/review-browser.js
npm notice 5.1kB dist/review-cli.js
npm notice 4.6kB dist/review-detail.js
npm notice 2.7kB dist/review-dom.js
npm notice 17.0kB dist/review-model.js
npm notice 1.0kB dist/review-open.js
npm notice 5.6kB dist/review-panels.js
npm notice 544B dist/review-runtime.js
npm notice 3.6kB dist/review-summary.js
npm notice 11B dist/review-types.js
npm notice 16.8kB dist/review-ui.css
npm notice 1.7kB dist/review.js
npm notice 637B dist/skill-resources.js
npm notice 5.5kB dist/studio-build/bundle.js
npm notice 4.0kB dist/studio-build/index.js
npm notice 3.1kB dist/studio-build/notices.js
npm notice 3.7kB dist/studio-build/resolution.js
npm notice 4.0kB dist/studio-build/snapshot.js
npm notice 2.4kB dist/studio-build/styles.js
npm notice 5.6kB dist/studio-build/typecheck.js
npm notice 419B dist/studio-build/types.js
npm notice 2.0kB dist/studio-build/worker.js
npm notice 12.4kB dist/studio-ui/abap-CfCwO0wY.js
npm notice 4.4kB dist/studio-ui/apex-adZnEfO4.js
npm notice 4.3kB dist/studio-ui/architecture-model-BrTs_SJo.js
npm notice 22.8kB dist/studio-ui/ArchitectureView-BNuLi3C-.js
npm notice 1.1MB dist/studio-ui/assets/css.worker-fQD24i06.js
npm notice 301.2kB dist/studio-ui/assets/editor.worker-CoxK7wpB.js
npm notice 740.8kB dist/studio-ui/assets/html.worker-DZEeq16I.js
npm notice 430.5kB dist/studio-ui/assets/json.worker-NqY_TxEu.js
npm notice 6.9MB dist/studio-ui/assets/ts.worker-ApoTl-3m.js
npm notice 1.1kB dist/studio-ui/azcli-CLGNa0wF.js
npm notice 2.4kB dist/studio-ui/bat-CAz1OfAu.js
npm notice 3.4kB dist/studio-ui/bicep-B6UDBWZN.js
npm notice 2.8kB dist/studio-ui/cameligo-DbbJwPXc.js
npm notice 8.9kB dist/studio-ui/clojure-BmcSQAck.js
npm notice 373.1kB dist/studio-ui/code-widget.css
npm notice 67.6kB dist/studio-ui/code-widget.js
npm notice 4.7kB dist/studio-ui/coffee-BjQKeqpj.js
npm notice 49.0kB dist/studio-ui/ConnectorIcon-CFT0KtGV.js
npm notice 18.6kB dist/studio-ui/connectors-widget.js
npm notice 5.9kB dist/studio-ui/cpp-SbfDT5PL.js
npm notice 5.5kB dist/studio-ui/csharp-DIgVBsD4.js
npm notice 1.5kB dist/studio-ui/csp-DvdhxaNC.js
npm notice 5.8kB dist/studio-ui/css-CyL9hcFb.js
npm notice 3.6kB dist/studio-ui/cssMode-BlgggzMT.js
npm notice 4.1kB dist/studio-ui/cypher-CFQunzEa.js
npm notice 5.1kB dist/studio-ui/dart-DeIsDVRt.js
npm notice 9.1kB dist/studio-ui/decision-widget.js
npm notice 2.7kB dist/studio-ui/dockerfile-Yk3LuDQk.js
npm notice 5.6kB dist/studio-ui/ecl-BLFA7ldk.js
npm notice 3.2MB dist/studio-ui/editor.api-CBhnZFl3.js
npm notice 12.7kB dist/studio-ui/elixir-y_NY5k67.js
npm notice 2.4kB dist/studio-ui/flow9-DNlf0Ct1.js
npm notice 10.6kB dist/studio-ui/FlowView-yFu7Q8N-.js
npm notice 19.9kB dist/studio-ui/freemarker2-D5E5wqid.js
npm notice 3.4kB dist/studio-ui/fsharp-DdRbc-sH.js
npm notice 3.2kB dist/studio-ui/go-D7w79i6g.js
npm notice 2.9kB dist/studio-ui/graphql-BsDuKp-c.js
npm notice 8.3kB dist/studio-ui/handlebars-BvRWHA-H.js
npm notice 4.5kB dist/studio-ui/hcl-CXnaLDBx.js
npm notice 90.1kB dist/studio-ui/home-widget.js
npm notice 6.1kB dist/studio-ui/html-QQHrgZa1.js
npm notice 4.0kB dist/studio-ui/htmlMode-BuU-k5Gz.js
npm notice 10.3kB dist/studio-ui/ImpactView-nO-JJW_f.js
npm notice 1.5kB dist/studio-ui/ini-DAoNsTkV.js
npm notice 3.8kB dist/studio-ui/java-Cp0vrvO9.js
npm notice 869B dist/studio-ui/javascript-C8CHcP8h.js
npm notice 30.9kB dist/studio-ui/journey-widget.js
npm notice 16.3kB dist/studio-ui/jsonMode-C9IhPd1b.js
npm notice 297.6kB dist/studio-ui/jsx-runtime-Bz8zB3tG.js
npm notice 8.5kB dist/studio-ui/julia-CVutXSdh.js
npm notice 4.0kB dist/studio-ui/kotlin-DYeWZuUb.js
npm notice 10.0kB dist/studio-ui/layout.js
npm notice 5.0kB dist/studio-ui/less-INmgXeDn.js
npm notice 3.2kB dist/studio-ui/lexon-6WvX9sfN.js
npm notice 4.3kB dist/studio-ui/liquid-DF5W_hwb.js
npm notice 35.8kB dist/studio-ui/lspLanguageFeatures-B9iGfGRp.js
npm notice 2.9kB dist/studio-ui/lua-COF3XwLj.js
npm notice 3.4kB dist/studio-ui/m3-BEIPFJxi.js
npm notice 5.0kB dist/studio-ui/markdown-CCGC2kAW.js
npm notice 5.9kB dist/studio-ui/mcp-widget.js
npm notice 19.8kB dist/studio-ui/McpPromptSelection-DDwhpHZR.js
npm notice 6.0kB dist/studio-ui/mdx-DHxuA8zs.js
npm notice 3.1kB dist/studio-ui/mips-ll8pdQLQ.js
npm notice 5.0kB dist/studio-ui/msdax-B5WVqOWw.js
npm notice 10.5kB dist/studio-ui/mysql-CnCmYLcK.js
npm notice 2.8kB dist/studio-ui/objective-c-D-xZGaTr.js
npm notice 3.5kB dist/studio-ui/pascal-CKVRL3bp.js
npm notice 2.7kB dist/studio-ui/pascaligo-DY-d5ac0.js
npm notice 9.0kB dist/studio-ui/perl-DqL2sfnN.js
npm notice 12.7kB dist/studio-ui/pgsql-BpvbArh-.js
npm notice 10.1kB dist/studio-ui/php-BbqlrNqC.js
npm notice 2.3kB dist/studio-ui/pla-BhpV5iom.js
npm notice 9.9kB dist/studio-ui/postiats-oh_Dlofq.js
npm notice 16.2kB dist/studio-ui/powerquery-DuSN2JW8.js
npm notice 4.2kB dist/studio-ui/powershell-0oEoSDwW.js
npm notice 10.2kB dist/studio-ui/progress-widget.js
npm notice 33.8kB dist/studio-ui/project-widget.js
npm notice 12.2kB dist/studio-ui/protobuf-DlOMtU4U.js
npm notice 6.1kB dist/studio-ui/pug-CTxaaQKP.js
npm notice 4.7kB dist/studio-ui/python-D6Nsbkja.js
npm notice 3.5kB dist/studio-ui/qsharp-Bp73mf5Z.js
npm notice 29.3kB dist/studio-ui/quality-widget.js
npm notice 3.8kB dist/studio-ui/r-DF_g8_2l.js
npm notice 10.6kB dist/studio-ui/razor-ZYDBbK7D.js
npm notice 3.7kB dist/studio-ui/redis-B09Z6nB5.js
npm notice 11.1kB dist/studio-ui/redshift-WjSjVhoV.js
npm notice 4.9kB dist/studio-ui/register-CoIKknfv.js
npm notice 5.2kB dist/studio-ui/restructuredtext-TuEti2mf.js
npm notice 10.9kB dist/studio-ui/ruby-CWBObvDC.js
npm notice 4.6kB dist/studio-ui/rust-DdLDSWVK.js
npm notice 2.4kB dist/studio-ui/sb-CfyYm0fs.js
npm notice 9.8kB dist/studio-ui/scala-Bg3GaqPc.js
npm notice 2.4kB dist/studio-ui/scheme-DGoR7CnT.js
npm notice 8.4kB dist/studio-ui/scss-D-qk8UVY.js
npm notice 3.8kB dist/studio-ui/shell-CpVOERQd.js
npm notice 16.8kB dist/studio-ui/solidity-CVmhJ22u.js
npm notice 3.3kB dist/studio-ui/sophia-DGSFfDWE.js
npm notice 2.9kB dist/studio-ui/sparql-BXIHBfyc.js
npm notice 9.8kB dist/studio-ui/sql-DHvzW7ba.js
npm notice 9.1kB dist/studio-ui/st-CKElxhZl.js
npm notice 5.5kB dist/studio-ui/swift-DIkzszb_.js
npm notice 8.3kB dist/studio-ui/systemverilog-T3rz_k7V.js
npm notice 4.3kB dist/studio-ui/tcl-D7mHOiU2.js
npm notice 106.6kB dist/studio-ui/THIRD_PARTY_NOTICES.txt
npm notice 1.4MB dist/studio-ui/toggleHighContrast-wJCBnj4M.js
npm notice 26.0kB dist/studio-ui/tsMode-B4UHtSDt.js
npm notice 7.7kB dist/studio-ui/twig-CWOr6DII.js
npm notice 6.0kB dist/studio-ui/typescript-CJUKd2Sz.js
npm notice 3.9kB dist/studio-ui/typespec-4ubJw-FV.js
npm notice 6.6kB dist/studio-ui/vb-SSAHHOVh.js
npm notice 8.2kB dist/studio-ui/wgsl-hf5cqFtC.js
npm notice 1.6kB dist/studio-ui/workers-Ct0B1W_j.js
npm notice 2.7kB dist/studio-ui/xml-TiVz6QU7.js
npm notice 4.6kB dist/studio-ui/yaml-uvtwgRZg.js
npm notice 4.2kB dist/update.js
npm notice 3.1kB docs/ADOPT-EXISTING-PROJECT.md
npm notice 1.9kB docs/ADR-001-distribution.md
npm notice 2.7kB docs/ADR-002-read-only-diagnostics.md
npm notice 1.9kB docs/ADR-003-installation-provenance.md
npm notice 2.7kB docs/ADR-004-checkpoint-resumption.md
npm notice 2.0kB docs/ADR-005-mission-context.md
npm notice 3.0kB docs/ADR-006-opt-in-native-pilot.md
npm notice 2.2kB docs/ADR-007-conversation-and-mission-ownership.md
npm notice 2.6kB docs/ADR-008-review-presentation.md
npm notice 1.8kB docs/ADR-009-visible-workflow-commands.md
npm notice 1.7kB docs/ADR-010-installed-review-renderer.md
npm notice 4.2kB docs/ADR-011-evidence-coverage-and-loop-inspection.md
npm notice 9.7kB docs/ADR-012-local-execution-guard.md
npm notice 7.1kB docs/ADR-013-application-evidence-lab.md
npm notice 3.3kB docs/ADR-014-product-rehearsal-experiment.md
npm notice 1.8kB docs/ADR-015-behavioral-discovery.md
npm notice 10.7kB docs/ADR-016-local-creation-studio.md
npm notice 5.2kB docs/ADR-017-typed-react-studio.md
npm notice 3.4kB docs/ADR-018-project-intelligence-workspace.md
npm notice 4.4kB docs/ADR-018-required-versioned-react-guidance.md
npm notice 6.8kB docs/ADR-019-studio-decision-journey.md
npm notice 3.8kB docs/ADR-020-live-job-progress.md
npm notice 4.1kB docs/ADR-021-import-existing-project.md
npm notice 3.6kB docs/ADR-022-connectors-host-bridge.md
npm notice 7.8kB docs/ADR-023-studio-home.md
npm notice 6.0kB docs/ADR-024-workspace-mcp.md
npm notice 6.7kB docs/ATELIER.md
npm notice 4.4kB docs/BMAD-COMPARISON.md
npm notice 5.8kB docs/CLOSURE-AND-LOOPS.md
npm notice 3.8kB docs/CODEX-ADAPTER-VALIDATION.md
npm notice 1.7kB docs/COMMANDS-VALIDATION.md
npm notice 9.2kB docs/COMMANDS.md
npm notice 3.8kB docs/COMPARISON-ITERATION.md
npm notice 27.7kB docs/CONNECTOR-ICON-NOTICES.txt
npm notice 1.8kB docs/CONNECTOR-ICONS.md
npm notice 2.4kB docs/DOCTOR.md
npm notice 5.5kB docs/EVALUATION.md
npm notice 6.6kB docs/EVIDENCE-LAB-CHECKPOINT.md
npm notice 8.3kB docs/EVIDENCE-LAB.md
npm notice 4.8kB docs/EVOLUTION.md
npm notice 4.7kB docs/GREENFIELD-VALIDATION.md
npm notice 12.9kB docs/HARDENING-0.5-AUDIT.md
npm notice 22.6kB docs/HARDENING-0.5-QUALITY-SOURCES.md
npm notice 10.4kB docs/HARDENING-0.5-QUALITY.md
npm notice 22.3kB docs/HARDENING-0.5-SCALE.md
npm notice 22.0kB docs/HARDENING-0.5-SCIENCE.md
npm notice 23.5kB docs/HARDENING-0.5-SOURCES.md
npm notice 15.9kB docs/HARDENING-0.5.md
npm notice 5.8kB docs/HOST-CAPABILITIES.md
npm notice 3.2kB docs/images/devmethod-delivery.svg
npm notice 3.7kB docs/images/devmethod-flow.svg
npm notice 138.1kB docs/images/review-correction.jpg
npm notice 149.2kB docs/images/review-coverage.jpg
npm notice 72.1kB docs/images/review-interface-desktop.jpg
npm notice 53.0kB docs/images/review-interface-mobile.jpg
npm notice 1.5kB docs/media/from-zero/devmethod-demo.fr.srt
npm notice 2.4kB docs/media/from-zero/README.md
npm notice 2.6kB docs/media/from-zero/scenes.json
npm notice 12.5kB docs/media/full-chain-4k/devmethod-chaine-complete.fr.srt
npm notice 4.4kB docs/media/full-chain-4k/README.md
npm notice 21.1kB docs/media/full-chain-4k/scenes.json
npm notice 20.3kB docs/media/full-chain-4k/transcripts.fr.md
npm notice 3.0kB docs/media/review-extension/README.md
npm notice 4.1kB docs/media/review-extension/scenes.json
npm notice 2.0kB docs/media/review-r02/README.md
npm notice 1.8kB docs/media/review-r02/review-r02.fr.srt
npm notice 2.4kB docs/media/review-r02/scenes.json
npm notice 112.1kB docs/media/review-r02/video-preview.jpg
npm notice 1.4MB docs/media/visual-chain/assets/add-book-v1.png
npm notice 1.4MB docs/media/visual-chain/assets/completed-v1.png
npm notice 5.1kB docs/media/visual-chain/devmethod-du-besoin-au-produit.fr.srt
npm notice 2.3kB docs/media/visual-chain/execution.fr.md
npm notice 2.2kB docs/media/visual-chain/image-prompts.json
npm notice 6.7kB docs/media/visual-chain/README.md
npm notice 265B docs/media/visual-chain/reference-hashes.json
npm notice 8.4kB docs/media/visual-chain/scenes.json
npm notice 89.8kB docs/media/visual-chain/video-preview.jpg
npm notice 6.4kB docs/MILESTONES.md
npm notice 6.5kB docs/MISSIONS.md
npm notice 25.3kB docs/missions/creation-experience/CONTRACT.md
npm notice 10.3kB docs/missions/creation-experience/DESIGN.md
npm notice 5.8kB docs/missions/creation-experience/design/DECISION-LAYOUT.md
npm notice 1.3MB docs/missions/creation-experience/design/direction-a-agenda.png
npm notice 2.0MB docs/missions/creation-experience/design/direction-b-catalogue.png
npm notice 1.3MB docs/missions/creation-experience/design/direction-c-tableau.png
npm notice 1.3MB docs/missions/creation-experience/design/master-desktop.png
npm notice 1.2MB docs/missions/creation-experience/design/mobile.png
npm notice 11.4kB docs/missions/creation-experience/design/prompts.json
npm notice 1.7MB docs/missions/creation-experience/design/studio-a.png
npm notice 1.7MB docs/missions/creation-experience/design/studio-b.png
npm notice 1.6MB docs/missions/creation-experience/design/studio-c.png
npm notice 1.7MB docs/missions/creation-experience/design/studio-code-c.png
npm notice 1.5MB docs/missions/creation-experience/design/studio-d.png
npm notice 1.5MB docs/missions/creation-experience/design/studio-e.png
npm notice 1.6MB docs/missions/creation-experience/design/studio-f.png
npm notice 2.3MB docs/missions/creation-experience/design/studio-g.png
npm notice 1.8MB docs/missions/creation-experience/design/studio-h.png
npm notice 2.2MB docs/missions/creation-experience/design/studio-i.png
npm notice 1.7MB docs/missions/creation-experience/design/studio-j.png
npm notice 1.7MB docs/missions/creation-experience/design/studio-k-method-olive.png
npm notice 1.7MB docs/missions/creation-experience/design/studio-l-night-indigo.png
npm notice 1.9kB docs/missions/creation-experience/design/studio-l-prompt.txt
npm notice 1.7MB docs/missions/creation-experience/design/studio-m-night-hierarchy.png
npm notice 11.0kB docs/missions/creation-experience/design/studio-proposals.json
npm notice 5.8kB docs/missions/creation-experience/design/studio-selected-prompts.json
npm notice 17.0kB docs/missions/creation-experience/evidence/acquis.md
npm notice 2.6kB docs/missions/creation-experience/evidence/adoption-connectors/host-check.json
npm notice 127.2kB docs/missions/creation-experience/evidence/adoption-connectors/providers-desktop.png
npm notice 38.1kB docs/missions/creation-experience/evidence/adoption-connectors/providers-mobile.png
npm notice 112.8kB docs/missions/creation-experience/evidence/adoption-connectors/real-check-desktop.png
npm notice 5.8kB docs/missions/creation-experience/evidence/adoption-connectors/RESULTS.md
npm notice 1.3kB docs/missions/creation-experience/evidence/adoption-connectors/source-edit.json
npm notice 15.5kB docs/missions/creation-experience/evidence/builders-a.md
npm notice 11.1kB docs/missions/creation-experience/evidence/builders-b.md
npm notice 678B docs/missions/creation-experience/evidence/holdout/after-restart.json
npm notice 6.7kB docs/missions/creation-experience/evidence/holdout/app/app.mjs
npm notice 3.1kB docs/missions/creation-experience/evidence/holdout/app/index.html
npm notice 3.0kB docs/missions/creation-experience/evidence/holdout/app/model.mjs
npm notice 4.7kB docs/missions/creation-experience/evidence/holdout/app/style.css
npm notice 678B docs/missions/creation-experience/evidence/holdout/before-restart.json
npm notice 2.7kB docs/missions/creation-experience/evidence/holdout/browser-after-restart.txt
npm notice 711B docs/missions/creation-experience/evidence/holdout/browser-check.json
npm notice 96.2kB docs/missions/creation-experience/evidence/holdout/browser-desktop.jpg
npm notice 2.7kB docs/missions/creation-experience/evidence/holdout/browser-state.txt
npm notice 747B docs/missions/creation-experience/evidence/holdout/check.json
npm notice 2.6kB docs/missions/creation-experience/evidence/holdout/finish.json
npm notice 442B docs/missions/creation-experience/evidence/holdout/model-tests.txt
npm notice 2.4kB docs/missions/creation-experience/evidence/holdout/model.test.mjs
npm notice 46.6kB docs/missions/creation-experience/evidence/holdout/project.tar
npm notice 5.3kB docs/missions/creation-experience/evidence/holdout/README.md
npm notice 2.3kB docs/missions/creation-experience/evidence/holdout/receipt.json
npm notice 417B docs/missions/creation-experience/evidence/holdout/request.json
npm notice 331B docs/missions/creation-experience/evidence/holdout/restart-proof.json
npm notice 1.4kB docs/missions/creation-experience/evidence/holdout/runtime-source-manifest.json
npm notice 218B docs/missions/creation-experience/evidence/holdout/standalone-proof.json
npm notice 103B docs/missions/creation-experience/evidence/holdout/stopped.json
npm notice 49.0kB docs/missions/creation-experience/evidence/home-composer/desktop-composer.png
npm notice 49.2kB docs/missions/creation-experience/evidence/home-composer/desktop-mcp-selected.png
npm notice 500B docs/missions/creation-experience/evidence/home-composer/format.log
npm notice 253B docs/missions/creation-experience/evidence/home-composer/lint.log
npm notice 39.0kB docs/missions/creation-experience/evidence/home-composer/mobile-real-preview.png
npm notice 6.7kB docs/missions/creation-experience/evidence/home-composer/RESULTS.md
npm notice 128.0kB docs/missions/creation-experience/evidence/home-composer/studio-mcp-selected.png
npm notice 105.2kB docs/missions/creation-experience/evidence/home-composer/tests.log
npm notice 1.6kB docs/missions/creation-experience/evidence/home-composer/validation.json
npm notice 97.0kB docs/missions/creation-experience/evidence/home/desktop.png
npm notice 62.3kB docs/missions/creation-experience/evidence/home/mobile.png
npm notice 5.0kB docs/missions/creation-experience/evidence/home/RESULTS.md
npm notice 2.9kB docs/missions/creation-experience/evidence/home/validation.json
npm notice 71.7kB docs/missions/creation-experience/evidence/journey/application-desktop-1280.jpg
npm notice 77.8kB docs/missions/creation-experience/evidence/journey/application-v1.jpg
npm notice 364.9kB docs/missions/creation-experience/evidence/journey/b44b4b37-final-desktop.png
npm notice 170.0kB docs/missions/creation-experience/evidence/journey/b44b4b37-final-mobile.png
npm notice 14.9kB docs/missions/creation-experience/evidence/journey/b44b4b37-final-visual-metrics.json
npm notice 70.5kB docs/missions/creation-experience/evidence/journey/conflict.jpg
npm notice 630B docs/missions/creation-experience/evidence/journey/export.json
npm notice 91.5kB docs/missions/creation-experience/evidence/journey/final-desktop.jpg
npm notice 35.8kB docs/missions/creation-experience/evidence/journey/final-mobile.jpg
npm notice 14.4kB docs/missions/creation-experience/evidence/journey/final-visual-metrics.json
npm notice 53.2kB docs/missions/creation-experience/evidence/journey/holdout-conflict.jpg
npm notice 1.1kB docs/missions/creation-experience/evidence/journey/holdout-independent-observation.json
npm notice 426B docs/missions/creation-experience/evidence/journey/native-usage.json
npm notice 6.5kB docs/missions/creation-experience/evidence/journey/preparation.json
npm notice 1.0kB docs/missions/creation-experience/evidence/journey/restart.json
npm notice 54.6kB docs/missions/creation-experience/evidence/journey/studio-mobile-preview.jpg
npm notice 53.3kB docs/missions/creation-experience/evidence/journey/waitlist-promotion.jpg
npm notice 5.4kB docs/missions/creation-experience/evidence/local-verification.json
npm notice 4.0kB docs/missions/creation-experience/evidence/lovable-connectors/BOLT-CONNECTIONS.md
npm notice 12.8kB docs/missions/creation-experience/evidence/lovable-connectors/CONNECTION-COVERAGE.md
npm notice 15.1kB docs/missions/creation-experience/evidence/lovable-connectors/DEVMethod-GAPS.md
npm notice 9.6kB docs/missions/creation-experience/evidence/lovable-connectors/NATIVE-CONNECTION-DESIGN.md
npm notice 48.0kB docs/missions/creation-experience/evidence/lovable-connectors/RESEARCH.md
npm notice 14.3kB docs/missions/creation-experience/evidence/lovable-connectors/UI-OBSERVATIONS.md
npm notice 3.7kB docs/missions/creation-experience/evidence/method-feedback/RESULTS.md
npm notice 267B docs/missions/creation-experience/evidence/method-feedback/stock-after.log
npm notice 875B docs/missions/creation-experience/evidence/method-feedback/stock-before.log
npm notice 1.2kB docs/missions/creation-experience/evidence/platform-ci.json
npm notice 3.1kB docs/missions/creation-experience/evidence/progress/RESULTS.md
npm notice 155.7kB docs/missions/creation-experience/evidence/progress/studio-progress-desktop.png
npm notice 57.4kB docs/missions/creation-experience/evidence/react-studio/app-cancel-confirmation.png
npm notice 32.0kB docs/missions/creation-experience/evidence/react-studio/app-confirmation-mobile.png
npm notice 143B docs/missions/creation-experience/evidence/react-studio/docs.log
npm notice 421B docs/missions/creation-experience/evidence/react-studio/example-build.log
npm notice 500B docs/missions/creation-experience/evidence/react-studio/format.log
npm notice 4.9kB docs/missions/creation-experience/evidence/react-studio/journey.json
npm notice 3.3kB docs/missions/creation-experience/evidence/react-studio/LAYOUT-REVIEW.md
npm notice 253B docs/missions/creation-experience/evidence/react-studio/lint.log
npm notice 847B docs/missions/creation-experience/evidence/react-studio/monaco-browser.json
npm notice 128.4kB docs/missions/creation-experience/evidence/react-studio/monaco-diff.jpg
npm notice 4.1kB docs/missions/creation-experience/evidence/react-studio/MONACO-REVIEW.md
npm notice 132.1kB docs/missions/creation-experience/evidence/react-studio/monaco-syntax-error.jpg
npm notice 133.4kB docs/missions/creation-experience/evidence/react-studio/monaco-tsx.jpg
npm notice 961B docs/missions/creation-experience/evidence/react-studio/package-smoke.log
npm notice 2.6kB docs/missions/creation-experience/evidence/react-studio/palette-contrast.json
npm notice 3.2kB docs/missions/creation-experience/evidence/react-studio/PALETTE-REVIEW.md
npm notice 141.2kB docs/missions/creation-experience/evidence/react-studio/studio-m-after-compact.png
npm notice 129.0kB docs/missions/creation-experience/evidence/react-studio/studio-m-application-final.png
npm notice 125.8kB docs/missions/creation-experience/evidence/react-studio/studio-m-before-compact.png
npm notice 101.5kB docs/missions/creation-experience/evidence/react-studio/studio-m-code-expanded.png
npm notice 40.8kB docs/missions/creation-experience/evidence/react-studio/studio-m-mobile.png
npm notice 417B docs/missions/creation-experience/evidence/react-studio/template-build.log
npm notice 73.2kB docs/missions/creation-experience/evidence/react-studio/test-first-failure.log
npm notice 58.7kB docs/missions/creation-experience/evidence/react-studio/test.log
npm notice 2.3kB docs/missions/creation-experience/evidence/react-studio/validation.json
npm notice 18.9kB docs/missions/creation-experience/evidence/react-studio/VERCEL-REVIEW.md
npm notice 160.2kB docs/missions/creation-experience/evidence/reframe/backend-code.png
npm notice 3.4kB docs/missions/creation-experience/evidence/reframe/browser.json
npm notice 166.6kB docs/missions/creation-experience/evidence/reframe/decision-desktop.png
npm notice 46.6kB docs/missions/creation-experience/evidence/reframe/decision-mobile.png
npm notice 597B docs/missions/creation-experience/evidence/reframe/demo.json
npm notice 139.6kB docs/missions/creation-experience/evidence/reframe/journey-design.png
npm notice 345B docs/missions/creation-experience/evidence/reframe/journey.json
npm notice 5.3kB docs/missions/creation-experience/evidence/reframe/restart.json
npm notice 7.0kB docs/missions/creation-experience/evidence/reframe/validation.json
npm notice 16.5kB docs/missions/creation-experience/evidence/reframe/VERCEL-REVIEW.md
npm notice 9.2kB docs/missions/creation-experience/evidence/science.md
npm notice 105.2kB docs/missions/creation-experience/evidence/scroll/backend-open-scrolled.png
npm notice 2.5kB docs/missions/creation-experience/evidence/scroll/browser.json
npm notice 186.4kB docs/missions/creation-experience/evidence/scroll/conception-design.png
npm notice 186.0kB docs/missions/creation-experience/evidence/scroll/conception-directions.png
npm notice 49.0kB docs/missions/creation-experience/evidence/scroll/delegation-mobile.png
npm notice 111.2kB docs/missions/creation-experience/evidence/scroll/delegation-narrow.png
npm notice 7.2kB docs/missions/creation-experience/evidence/scroll/left-browser.json
npm notice 120.1kB docs/missions/creation-experience/evidence/scroll/left-history-all-open.png
npm notice 124.9kB docs/missions/creation-experience/evidence/scroll/left-panels-all-open.png
npm notice 3.8kB docs/missions/creation-experience/evidence/scroll/readonly-browser.json
npm notice 147.1kB docs/missions/creation-experience/evidence/scroll/readonly-comparison.png
npm notice 1.4kB docs/missions/creation-experience/evidence/scroll/semantic-contrast.json
npm notice 155.7kB docs/missions/creation-experience/evidence/scroll/studio-semantic-desktop.png
npm notice 43.3kB docs/missions/creation-experience/evidence/scroll/studio-semantic-mobile.png
npm notice 114.4kB docs/missions/creation-experience/evidence/scroll/studio-semantic-short.png
npm notice 4.4kB docs/missions/creation-experience/evidence/scroll/validation.json
npm notice 6.8kB docs/missions/creation-experience/evidence/studio/DESIGN-REVIEW.md
npm notice 129.5kB docs/missions/creation-experience/evidence/studio/editor-adopted.jpg
npm notice 151.5kB docs/missions/creation-experience/evidence/studio/editor-compact-desktop-corrected.jpg
npm notice 153.4kB docs/missions/creation-experience/evidence/studio/editor-compact-desktop.jpg
npm notice 50.6kB docs/missions/creation-experience/evidence/studio/editor-compact-mobile-actions-corrected.jpg
npm notice 44.8kB docs/missions/creation-experience/evidence/studio/editor-compact-mobile-actions.jpg
npm notice 51.2kB docs/missions/creation-experience/evidence/studio/editor-compact-mobile-corrected.jpg
npm notice 42.3kB docs/missions/creation-experience/evidence/studio/editor-compact-mobile-fresh.jpg
npm notice 42.3kB docs/missions/creation-experience/evidence/studio/editor-compact-mobile-initial.jpg
npm notice 59.5kB docs/missions/creation-experience/evidence/studio/editor-compact-review-metrics.json
npm notice 153.4kB docs/missions/creation-experience/evidence/studio/editor-compact.jpg
npm notice 153.4kB docs/missions/creation-experience/evidence/studio/editor-initial-open.jpg
npm notice 3.2kB docs/missions/creation-experience/evidence/studio/editor-journey.json
npm notice 135.5kB docs/missions/creation-experience/evidence/studio/editor-ready.jpg
npm notice 158.5kB docs/missions/creation-experience/evidence/studio/editor-runtime-error.jpg
npm notice 155.9kB docs/missions/creation-experience/evidence/studio/editor-syntax-blocked.jpg
npm notice 158.4kB docs/missions/creation-experience/evidence/studio/editor-syntax-error.jpg
npm notice 5.1kB docs/missions/creation-experience/evidence/studio/EDITOR-UX-REVIEW.md
npm notice 132.1kB docs/missions/creation-experience/evidence/studio/monaco-syntax-error.jpg
npm notice 139.8kB docs/missions/creation-experience/evidence/studio/monaco-tsx.jpg
npm notice 653.3kB docs/missions/creation-experience/evidence/studio/olive-desktop-readable.png
npm notice 636.1kB docs/missions/creation-experience/evidence/studio/olive-desktop.png
npm notice 197.5kB docs/missions/creation-experience/evidence/studio/olive-mobile-priority.png
npm notice 211.5kB docs/missions/creation-experience/evidence/studio/olive-mobile.png
npm notice 2.9kB docs/missions/creation-experience/evidence/studio/olive-visual-metrics.json
npm notice 5.0kB docs/missions/creation-experience/evidence/studio/readability-mobile-metrics.json
npm notice 3.0kB docs/missions/creation-experience/evidence/studio/UX-CORRECTIONS.md
npm notice 120.4kB docs/missions/creation-experience/evidence/technical/architecture-comparison.png
npm notice 128.7kB docs/missions/creation-experience/evidence/technical/architecture.png
npm notice 146.6kB docs/missions/creation-experience/evidence/technical/code-editable.png
npm notice 1.1kB docs/missions/creation-experience/evidence/technical/code-layout-browser.json
npm notice 47.8kB docs/missions/creation-experience/evidence/technical/code-mobile.png
npm notice 144.8kB docs/missions/creation-experience/evidence/technical/code.png
npm notice 5.0kB docs/missions/creation-experience/evidence/technical/delivery-validation.json
npm notice 2.0kB docs/missions/creation-experience/evidence/technical/editor-project-journey.json
npm notice 146.6kB docs/missions/creation-experience/evidence/technical/explorer-resizable.png
npm notice 118.3kB docs/missions/creation-experience/evidence/technical/flow.png
npm notice 121.7kB docs/missions/creation-experience/evidence/technical/impact.png
npm notice 5.5kB docs/missions/creation-experience/evidence/technical/model-views-browser.json
npm notice 6.6kB docs/missions/creation-experience/evidence/technical/model-views-compact-review.json
npm notice 2.7kB docs/missions/creation-experience/evidence/technical/panel-polish-browser.json
npm notice 4.8kB docs/missions/creation-experience/evidence/technical/quality-actions-browser.json
npm notice 3.2kB docs/missions/creation-experience/evidence/technical/quality-browser.json
npm notice 111.0kB docs/missions/creation-experience/evidence/technical/quality-connect-request.png
npm notice 4.8kB docs/missions/creation-experience/evidence/technical/quality-failure-browser.json
npm notice 107.1kB docs/missions/creation-experience/evidence/technical/quality-failure-detail.png
npm notice 108.7kB docs/missions/creation-experience/evidence/technical/quality-failure-source.png
npm notice 119.7kB docs/missions/creation-experience/evidence/technical/quality-failure.png
npm notice 37.5kB docs/missions/creation-experience/evidence/technical/quality-mobile.png
npm notice 103.7kB docs/missions/creation-experience/evidence/technical/quality-overview.png
npm notice 115.0kB docs/missions/creation-experience/evidence/technical/quality-react-build.png
npm notice 109.4kB docs/missions/creation-experience/evidence/technical/quality-run.png
npm notice 3.5kB docs/missions/creation-experience/evidence/technical/scroll-browser.json
npm notice 10.5kB docs/missions/creation-experience/evidence/technical/shell-navigation-browser.json
npm notice 125.0kB docs/missions/creation-experience/evidence/technical/shell-navigation-desktop.png
npm notice 36.7kB docs/missions/creation-experience/evidence/technical/shell-navigation-mobile.png
npm notice 174.0kB docs/missions/creation-experience/evidence/technical/source-menu-layer.png
npm notice 19.1kB docs/missions/creation-experience/PLAN.md
npm notice 10.3kB docs/missions/creation-experience/REACT-CHECKPOINT.md
npm notice 19.6kB docs/missions/creation-experience/REFRAME-CHECKPOINT.md
npm notice 10.4kB docs/missions/creation-experience/REPRISE.md
npm notice 17.3kB docs/missions/creation-experience/RESULTS.md
npm notice 5.7kB docs/missions/creation-experience/STUDIO-DESIGN.md
npm notice 13.9kB docs/missions/creation-experience/TECHNICAL-CHECKPOINT.md
npm notice 4.3kB docs/missions/journey-evolution/BROWSER.md
npm notice 1.2kB docs/missions/journey-evolution/evidence/browser-inputs.json
npm notice 108.7kB docs/missions/journey-evolution/evidence/desktop-reservations.jpg
npm notice 28.7kB docs/missions/journey-evolution/evidence/mobile-unavailable.jpg
npm notice 719B docs/missions/journey-evolution/evidence/package-links-red.log
npm notice 559B docs/missions/journey-evolution/evidence/selection-final.log
npm notice 1.9kB docs/missions/journey-evolution/evidence/selection-red.log
npm notice 3.1kB docs/missions/journey-evolution/PLAN.md
npm notice 6.5kB docs/missions/journey-evolution/REPRISE.md
npm notice 3.0kB docs/missions/journey-evolution/REVIEW.md
npm notice 328B docs/missions/maintenance-value/evidence/format.log
npm notice 173B docs/missions/maintenance-value/evidence/lint.log
npm notice 343B docs/missions/maintenance-value/evidence/package-smoke.log
npm notice 6.8kB docs/missions/maintenance-value/evidence/packed-adoption.json
npm notice 399B docs/missions/maintenance-value/evidence/preflight-green.log
npm notice 3.1kB docs/missions/maintenance-value/evidence/preflight-red.log
npm notice 26.2kB docs/missions/maintenance-value/evidence/tests.log
npm notice 2.3kB docs/missions/maintenance-value/evidence/validation.json
npm notice 3.8kB docs/missions/maintenance-value/PLAN.md
npm notice 3.5kB docs/missions/maintenance-value/PREVIOUS-SLICE.md
npm notice 5.9kB docs/missions/maintenance-value/PROTOCOL.md
npm notice 4.3kB docs/missions/maintenance-value/REPRISE.md
npm notice 1.9kB docs/missions/maintenance-value/RESEARCH.md
npm notice 8.0kB docs/missions/maintenance-value/RESULTS.md
npm notice 3.8kB docs/missions/maintenance-value/REVIEW.md
npm notice 1.7kB docs/missions/product-alternatives/CANDIDATE.json
npm notice 14.8kB docs/missions/product-alternatives/CONCEPTIONS.md
npm notice 4.8kB docs/missions/product-alternatives/CONTRACT.md
npm notice 10.8kB docs/missions/product-alternatives/DESIGN.md
npm notice 1.5MB docs/missions/product-alternatives/design/context-mobile.png
npm notice 1.2MB docs/missions/product-alternatives/design/direction-editorial.png
npm notice 1.5MB docs/missions/product-alternatives/design/direction-notebook.png
npm notice 1.3MB docs/missions/product-alternatives/design/direction-stage.png
npm notice 1.5MB docs/missions/product-alternatives/design/master.png
npm notice 16.9kB docs/missions/product-alternatives/EMPOWERMENT.md
npm notice 387B docs/missions/product-alternatives/evidence/action-kind-green.log
npm notice 1.4kB docs/missions/product-alternatives/evidence/action-kind-red.log
npm notice 8.2kB docs/missions/product-alternatives/evidence/atelier-blue-review.md
npm notice 7.9kB docs/missions/product-alternatives/evidence/atelier-final-review.md
npm notice 8.0kB docs/missions/product-alternatives/evidence/continuity-verdict.md
npm notice 13.0kB docs/missions/product-alternatives/evidence/continuity/bmad-events.jsonl
npm notice 1.5kB docs/missions/product-alternatives/evidence/continuity/bmad-memlog.md
npm notice 1.7kB docs/missions/product-alternatives/evidence/continuity/calibration-events.jsonl
npm notice 4.8kB docs/missions/product-alternatives/evidence/continuity/claims-review.md
npm notice 4.8kB docs/missions/product-alternatives/evidence/continuity/framing-protocol.json
npm notice 5.8kB docs/missions/product-alternatives/evidence/continuity/framing-result.json
npm notice 13.3kB docs/missions/product-alternatives/evidence/continuity/framing-review.md
npm notice 513B docs/missions/product-alternatives/evidence/continuity/handoff-after.json
npm notice 516B docs/missions/product-alternatives/evidence/continuity/handoff-before.json
npm notice 867B docs/missions/product-alternatives/evidence/continuity/handoff-green.txt
npm notice 983B docs/missions/product-alternatives/evidence/continuity/handoff-red.txt
npm notice 5.5kB docs/missions/product-alternatives/evidence/continuity/handoff-review.md
npm notice 10.1kB docs/missions/product-alternatives/evidence/continuity/REPORT.md
npm notice 1.9kB docs/missions/product-alternatives/evidence/decision-red.log
npm notice 1.5kB docs/missions/product-alternatives/evidence/empowerment/admission-events.jsonl
npm notice 1.7kB docs/missions/product-alternatives/evidence/empowerment/admission-result.json
npm notice 900B docs/missions/product-alternatives/evidence/empowerment/admission-stderr.txt
npm notice 16.9kB docs/missions/product-alternatives/evidence/empowerment/comparator-audit.md
npm notice 17.9kB docs/missions/product-alternatives/evidence/empowerment/devmethod-installed-files.json
npm notice 9.0kB docs/missions/product-alternatives/evidence/empowerment/installations.md
npm notice 64.7kB docs/missions/product-alternatives/evidence/empowerment/installed-files.json
npm notice 16.8kB docs/missions/product-alternatives/evidence/empowerment/methods-current.md
npm notice 791B docs/missions/product-alternatives/evidence/empowerment/preflight-green.txt
npm notice 959B docs/missions/product-alternatives/evidence/empowerment/preflight-red.txt
npm notice 1.4kB docs/missions/product-alternatives/evidence/empowerment/probe-provenance.json
npm notice 9.8kB docs/missions/product-alternatives/evidence/empowerment/review.md
npm notice 10.1kB docs/missions/product-alternatives/evidence/empowerment/sandbox-diagnosis.md
npm notice 3.3kB docs/missions/product-alternatives/evidence/empowerment/single-sandbox-v1.json
npm notice 11.7kB docs/missions/product-alternatives/evidence/empowerment/single-sandbox-v2.json
npm notice 17.3kB docs/missions/product-alternatives/evidence/empowerment/single-sandbox-v3.json
npm notice 17.4kB docs/missions/product-alternatives/evidence/empowerment/single-sandbox-v4.json
npm notice 9.8kB docs/missions/product-alternatives/evidence/empowerment/single-sandbox.md
npm notice 354B docs/missions/product-alternatives/evidence/format.log
npm notice 20.1kB docs/missions/product-alternatives/evidence/frontier/models.md
npm notice 13.4kB docs/missions/product-alternatives/evidence/frontier/needs.md
npm notice 2.2kB docs/missions/product-alternatives/evidence/frontier/ordinary-output.json
npm notice 4.5kB docs/missions/product-alternatives/evidence/frontier/ordinary-result.md
npm notice 2.3kB docs/missions/product-alternatives/evidence/frontier/ordinary-search.mjs
npm notice 18.0kB docs/missions/product-alternatives/evidence/frontier/science.md
npm notice 1.6kB docs/missions/product-alternatives/evidence/frontier/transfer-first-search.json
npm notice 7.0kB docs/missions/product-alternatives/evidence/frontier/transfer-report.md
npm notice 1.4kB docs/missions/product-alternatives/evidence/frontier/transfer-verification.json
npm notice 18.4kB docs/missions/product-alternatives/evidence/frontier/ui-review.md
npm notice 43.1kB docs/missions/product-alternatives/evidence/gazette-browser-session.json
npm notice 10.9kB docs/missions/product-alternatives/evidence/gazette-proposal.json
npm notice 7.9kB docs/missions/product-alternatives/evidence/gazette-proposal.md
npm notice 25.2kB docs/missions/product-alternatives/evidence/gazette-request.json
npm notice 189B docs/missions/product-alternatives/evidence/lint.log
npm notice 15.6kB docs/missions/product-alternatives/evidence/opportunities-followup.md
npm notice 11.0kB docs/missions/product-alternatives/evidence/ordinary-counterexamples.md
npm notice 65.0kB docs/missions/product-alternatives/evidence/quality.json
npm notice 354B docs/missions/product-alternatives/evidence/reconsideration/ordinary-format.log
npm notice 189B docs/missions/product-alternatives/evidence/reconsideration/ordinary-lint.log
npm notice 44.0kB docs/missions/product-alternatives/evidence/reconsideration/ordinary-pack-local-cache.log
npm notice 3.9kB docs/missions/product-alternatives/evidence/reconsideration/ordinary-result.md
npm notice 30.0kB docs/missions/product-alternatives/evidence/reconsideration/ordinary-tests-unsandboxed.log
npm notice 2.0kB docs/missions/product-alternatives/evidence/reconsideration/PROTOCOL.md
npm notice 7.8kB docs/missions/product-alternatives/evidence/reconsideration/review.md
npm notice 983B docs/missions/product-alternatives/evidence/reserve/README.md
npm notice 399B docs/missions/product-alternatives/evidence/reserve/RESERVE.json
npm notice 12.4kB docs/missions/product-alternatives/evidence/reserve/scenario.md
npm notice 8.8kB docs/missions/product-alternatives/evidence/seance-authored/code/app.js
npm notice 6.7kB docs/missions/product-alternatives/evidence/seance-authored/code/domain.js
npm notice 2.0kB docs/missions/product-alternatives/evidence/seance-authored/code/render.js
npm notice 352B docs/missions/product-alternatives/evidence/seance-authored/code/storage.js
npm notice 5.7kB docs/missions/product-alternatives/evidence/seance-authored/code/test.cjs
npm notice 1.5kB docs/missions/product-alternatives/evidence/seance-authored/evidence/browser-journey.md
npm notice 789B docs/missions/product-alternatives/evidence/seance-authored/evidence/build.json
npm notice 4.7kB docs/missions/product-alternatives/evidence/seance-authored/evidence/calculated-options.json
npm notice 1.6kB docs/missions/product-alternatives/evidence/seance-authored/evidence/example-v1.html
npm notice 2.1kB docs/missions/product-alternatives/evidence/seance-authored/evidence/example-v2.html
npm notice 986B docs/missions/product-alternatives/evidence/seance-authored/evidence/tests.txt
npm notice 740B docs/missions/product-alternatives/evidence/seance-authored/index.html
npm notice 7.0kB docs/missions/product-alternatives/evidence/seance-authored/README.md
npm notice 1.2kB docs/missions/product-alternatives/evidence/seance-authored/SHA256SUMS
npm notice 2.3kB docs/missions/product-alternatives/evidence/seance-authored/style.css
npm notice 2.1kB docs/missions/product-alternatives/evidence/seance-browser-v2.html
npm notice 1.4kB docs/missions/product-alternatives/evidence/seance-independent-review-results.json
npm notice 13.6kB docs/missions/product-alternatives/evidence/seance-independent-review.md
npm notice 1.3kB docs/missions/product-alternatives/evidence/server-red.log
npm notice 15.3kB docs/missions/product-alternatives/evidence/simple-browser-session.json
npm notice 29.4kB docs/missions/product-alternatives/evidence/tests.log
npm notice 4.7kB docs/missions/product-alternatives/EXPERIMENT.md
npm notice 12.5kB docs/missions/product-alternatives/FRONTIER.md
npm notice 11.0kB docs/missions/product-alternatives/OPPORTUNITIES.md
npm notice 5.9kB docs/missions/product-alternatives/PLAN.md
npm notice 18.4kB docs/missions/product-alternatives/PRIOR-ART.md
npm notice 9.9kB docs/missions/product-alternatives/RECONSIDERATION.md
npm notice 17.9kB docs/missions/product-alternatives/REPRISE.md
npm notice 7.8kB docs/missions/product-alternatives/RESEARCH.md
npm notice 15.6kB docs/missions/product-alternatives/RESULTS.md
npm notice 5.7kB docs/missions/product-alternatives/SEED.md
npm notice 1.7kB docs/missions/review-media-0.3.1.md
npm notice 6.7kB docs/missions/visual-workflow.md
npm notice 10.1kB docs/missions/workflow-0.3-reviews/interface/review.json
npm notice 7.4kB docs/missions/workflow-0.3-reviews/interface/REVIEW.md
npm notice 2.8kB docs/missions/workflow-0.3.md
npm notice 3.5kB docs/NATIVE-PILOT-RESULTS.md
npm notice 5.0kB docs/NATIVE-PILOT.md
npm notice 3.4kB docs/ORCHESTRATION.md
npm notice 7.7kB docs/RC2-VALIDATION.md
npm notice 6.0kB docs/RELEASE-0.1.0.md
npm notice 4.2kB docs/RELEASE-0.2.0.md
npm notice 3.1kB docs/RELEASE-0.3.0.md
npm notice 1.7kB docs/RELEASE-0.3.1.md
npm notice 1.7kB docs/RELEASE-0.4.0.md
npm notice 2.5kB docs/RELEASE-0.4.1.md
npm notice 4.4kB docs/RELEASE-0.5.0.md
npm notice 4.0kB docs/RELEASE-CHECKLIST.md
npm notice 2.9kB docs/RELEASE-NOTES-0.1.0-rc.2.md
npm notice 1.7kB docs/RELEASE-NOTES-0.1.0.md
npm notice 25.4kB docs/research/evidence-designs-2026-09-15.md
npm notice 18.7kB docs/research/evidence-landscape-2026-09-15.md
npm notice 5.0kB docs/research/evidence-native-protocol.md
npm notice 12.7kB docs/research/journey-audit-2026-09-16.md
npm notice 6.6kB docs/research/journey-native-protocol-2026-09-16.md
npm notice 9.4kB docs/research/journey-native-timeout-diagnosis-2026-09-16.md
npm notice 4.7kB docs/research/maintenance-startup-diagnosis-2026-09-16.md
npm notice 8.4kB docs/RESUMPTION.md
npm notice 5.9kB docs/REVIEW-GUIDE.md
npm notice 2.1kB docs/REVIEW-SOURCES.md
npm notice 4.4kB docs/REVIEW-VALIDATION.md
npm notice 7.1kB docs/REVIEWS.md
npm notice 4.4kB docs/ROADMAP.md
npm notice 1.4kB docs/STACK-PROFILES.md
npm notice 18.1kB docs/STUDIO-CONNECTORS.md
npm notice 5.0kB docs/STUDIO-IMPORT.md
npm notice 6.9kB docs/STUDIO-PROGRESS.md
npm notice 3.7kB docs/STUDIO-SERVICES.md
npm notice 28.0kB docs/STUDIO.md
npm notice 1.9kB docs/TROUBLESHOOTING.md
npm notice 4.7kB docs/UPDATES.md
npm notice 4.4kB docs/VISUAL-CREATION-PROPOSAL.md
npm notice 6.8kB docs/VISUAL-WORKFLOW.md
npm notice 3.6kB docs/WORKFLOW-0.3-VALIDATION.md
npm notice 5.1kB docs/WORKFLOW-0.3.md
npm notice 5.9kB evaluation/behavioral/cases.json
npm notice 155B evaluation/behavioral/fixtures/cases/AI-NEG/tests/math.test.mjs
npm notice 113B evaluation/behavioral/fixtures/cases/AUTHORITY/CURRENT-SCOPE.md
npm notice 109B evaluation/behavioral/fixtures/cases/AUTHORITY/docs/old-handoff.md
npm notice 128B evaluation/behavioral/fixtures/cases/AUTHORITY/tool-output.txt
npm notice 253B evaluation/behavioral/fixtures/cases/CLOSURE/TICKET.md
npm notice 231B evaluation/behavioral/fixtures/cases/CONTEXT/docs/checkpoint.json
npm notice 8.0kB evaluation/behavioral/fixtures/cases/CONTEXT/logs/unrelated-build.log
npm notice 179B evaluation/behavioral/fixtures/cases/CONTEXT/README.md
npm notice 253B evaluation/behavioral/fixtures/cases/CONTEXT/TICKET.md
npm notice 94B evaluation/behavioral/fixtures/cases/DELIVERY-NEG/TASK-DETAIL.md
npm notice 253B evaluation/behavioral/fixtures/cases/DELIVERY-NEG/TICKET.md
npm notice 78B evaluation/behavioral/fixtures/cases/DELIVERY-NEG/USER-CHANGES.md
npm notice 253B evaluation/behavioral/fixtures/cases/DELIVERY-POS/TICKET.md
npm notice 78B evaluation/behavioral/fixtures/cases/DELIVERY-POS/USER-CHANGES.md
npm notice 183B evaluation/behavioral/fixtures/cases/DESIGN-NEG/design/brief.md
npm notice 163B evaluation/behavioral/fixtures/cases/DESIGN-POS/design/approval.md
npm notice 855B evaluation/behavioral/fixtures/cases/DESIGN-POS/design/approved.html
npm notice 183B evaluation/behavioral/fixtures/cases/DESIGN-POS/design/brief.md
npm notice 230B evaluation/behavioral/fixtures/cases/FOUNDATION-POS/BRIEF.md
npm notice 66B evaluation/behavioral/fixtures/cases/REACT-NEG/TASK-DETAIL.md
npm notice 253B evaluation/behavioral/fixtures/cases/RESUME/TICKET.md
npm notice 397B evaluation/behavioral/fixtures/cases/RETRY/tests/integration.test.mjs
npm notice 155B evaluation/behavioral/fixtures/cases/RETRY/tests/math.test.mjs
npm notice 187B evaluation/behavioral/fixtures/cases/REVIEW/compatibility.mjs
npm notice 219B evaluation/behavioral/fixtures/cases/REVIEW/consumer.mjs
npm notice 372B evaluation/behavioral/fixtures/cases/REVIEW/CONTRACT.md
npm notice 224B evaluation/behavioral/fixtures/cases/REVIEW/control.mjs
npm notice 353B evaluation/behavioral/fixtures/cases/REVIEW/sensitive.mjs
npm notice 213B evaluation/behavioral/fixtures/cases/REVIEW/submission.mjs
npm notice 56.4kB evaluation/behavioral/fixtures/manifest.json
npm notice 446B evaluation/behavioral/fixtures/shared/api/fake-provider.mjs
npm notice 36B evaluation/behavioral/fixtures/shared/api/math.mjs
npm notice 424B evaluation/behavioral/fixtures/shared/api/postgres-design.sql
npm notice 537B evaluation/behavioral/fixtures/shared/api/reservations.ts
npm notice 958B evaluation/behavioral/fixtures/shared/api/server.mjs
npm notice 94B evaluation/behavioral/fixtures/shared/catalog.json
npm notice 421B evaluation/behavioral/fixtures/shared/CONTRACT.md
npm notice 299B evaluation/behavioral/fixtures/shared/docs/current-architecture.md
npm notice 40B evaluation/behavioral/fixtures/shared/docs/notes.md
npm notice 374B evaluation/behavioral/fixtures/shared/package.json
npm notice 564B evaluation/behavioral/fixtures/shared/README.md
npm notice 351B evaluation/behavioral/fixtures/shared/tests/reservations.test.mjs
npm notice 354B evaluation/behavioral/fixtures/shared/web/EquipmentCard.tsx
npm notice 456B evaluation/behavioral/fixtures/shared/web/search-api.ts
npm notice 426B evaluation/behavioral/fixtures/shared/web/Search.tsx
npm notice 90B evaluation/behavioral/fixtures/shared/web/style.css
npm notice 8.9kB evaluation/behavioral/oracle.json
npm notice 8.2kB evaluation/behavioral/pending-score.json
npm notice 23B evaluation/behavioral/pending.json
npm notice 16.0kB evaluation/behavioral/README.md
npm notice 1.1kB evaluation/candidate-setup.json
npm notice 767B evaluation/comparison-v2-readiness.json
npm notice 2.0kB evaluation/comparison-v2-results.json
npm notice 3.9kB evaluation/COMPARISONS.md
npm notice 1.6kB evaluation/evidence-holdout/adjudicate.mjs
npm notice 679B evaluation/evidence-holdout/candidates/duplicate/queue.mjs
npm notice 651B evaluation/evidence-holdout/candidates/healthy/queue.mjs
npm notice 565B evaluation/evidence-holdout/candidates/lost-restart/queue.mjs
npm notice 678B evaluation/evidence-holdout/candidates/resurrect/queue.mjs
npm notice 1.1kB evaluation/evidence-holdout/contract-v2.json
npm notice 1.1kB evaluation/evidence-holdout/contract.json
npm notice 713B evaluation/evidence-holdout/controls.mjs
npm notice 3.3kB evaluation/evidence-holdout/PROTOCOL-V2.md
npm notice 4.1kB evaluation/evidence-holdout/PROTOCOL.md
npm notice 1.6kB evaluation/evidence-holdout/runner-v2.mjs
npm notice 1.6kB evaluation/evidence-holdout/runner.mjs
npm notice 784B evaluation/evidence-holdout/SHA256SUMS
npm notice 1.1kB evaluation/evidence-holdout/SHA256SUMS-v2
npm notice 8.3kB evaluation/evidence-lab/PROTOCOL.md
npm notice 6.5kB evaluation/evidence-lab/README.md
npm notice 89.0kB evaluation/evidence-lab/results.json
npm notice 12.2kB evaluation/evidence-lab/selection.mjs
npm notice 1.3kB evaluation/evidence-restart/baseline-red.log
npm notice 3.1kB evaluation/evidence-restart/PROTOCOL.md
npm notice 5.1kB evaluation/evidence-restart/README.md
npm notice 23.3kB evaluation/evidence-restart/results.json
npm notice 142.8kB evaluation/evidence-runs/application-journey.json
npm notice 696B evaluation/evidence-runs/checkout-line-endings.json
npm notice 2.0kB evaluation/evidence-runs/ci-macos-package-failure.log
npm notice 1.3kB evaluation/evidence-runs/ci-windows-format-failure.log
npm notice 5.4kB evaluation/evidence-runs/ci-windows-import-failure.log
npm notice 15.1kB evaluation/evidence-runs/execution-inputs.json
npm notice 9.8kB evaluation/evidence-runs/holdout-v1-blocked.json
npm notice 13.5kB evaluation/evidence-runs/holdout-v2-results.json
npm notice 16.8kB evaluation/evidence-runs/import-url-red.log
npm notice 3.0kB evaluation/evidence-runs/integration-correlated-fault.log
npm notice 2.2kB evaluation/evidence-runs/integration-exit-failure.log
npm notice 9.7kB evaluation/evidence-runs/README.md
npm notice 2.4kB evaluation/evidence-runs/review-runtime-delta-red.log
npm notice 2.7kB evaluation/evidence-runs/review-runtime-red.log
npm notice 1.6kB evaluation/evidence-runs/review-traces-red-excerpt.log
npm notice 1.2kB evaluation/evidence-runs/temp-alias-red.log
npm notice 3.1kB evaluation/fixtures.json
npm notice 199B evaluation/fixtures/dependency/acceptance.test.mjs
npm notice 39B evaluation/fixtures/dependency/api.mjs
npm notice 121B evaluation/fixtures/dependency/CONTRIBUTING.md
npm notice 272B evaluation/fixtures/dependency/TICKET.md
npm notice 174B evaluation/fixtures/failing-verification/acceptance.test.mjs
npm notice 192B evaluation/fixtures/failing-verification/CONTRIBUTING.md
npm notice 38B evaluation/fixtures/failing-verification/total.mjs
npm notice 174B evaluation/fixtures/stale-handoff/acceptance.test.mjs
npm notice 275B evaluation/fixtures/stale-handoff/CHECKPOINT.md
npm notice 91B evaluation/fixtures/stale-handoff/CONTRACT.md
npm notice 159B evaluation/fixtures/stale-handoff/CONTRIBUTING.md
npm notice 29B evaluation/fixtures/stale-handoff/label.mjs
npm notice 1.1kB evaluation/fixtures/update-customization/README.md
npm notice 5.0kB evaluation/greenfield/acceptance.test.mjs
npm notice 2.0kB evaluation/greenfield/security.test.mjs
npm notice 822B evaluation/hardening-audit/loop-baseline.json
npm notice 155B evaluation/hardening-audit/loop-corrected.json
npm notice 2.1kB evaluation/hardening-audit/loop-probe.mjs
npm notice 166.0kB evaluation/hardening-audit/quality/lint-baseline.json
npm notice 42.7kB evaluation/hardening-audit/quality/quality-after.json
npm notice 3.0kB evaluation/hardening-audit/quality/review-capacity-guidance.md
npm notice 5.1kB evaluation/hardening-audit/quality/review-evaluator-refactor.md
npm notice 3.0kB evaluation/hardening-audit/quality/review-fullstack-additional-tests.md
npm notice 3.8kB evaluation/hardening-audit/quality/review-history-refactor.md
npm notice 4.1kB evaluation/hardening-audit/quality/review-memory-quality.md
npm notice 4.9kB evaluation/hardening-audit/quality/review-pocket-render-refactor.md
npm notice 5.1kB evaluation/hardening-audit/quality/review-quality-guidance.md
npm notice 3.6kB evaluation/hardening-audit/quality/review-record-refactor.md
npm notice 3.6kB evaluation/hardening-audit/README.md
npm notice 7.7kB evaluation/hardening-audit/review-controls.md
npm notice 959B evaluation/hardening-audit/review-evaluation-probe.json
npm notice 8.4kB evaluation/hardening-audit/review-evaluation.md
npm notice 4.2kB evaluation/hardening-audit/semantic-probe.mjs
npm notice 567B evaluation/hardening-audit/semantic-result.json
npm notice 479B evaluation/journey-native/artifact-hashes.json
npm notice 4.4kB evaluation/journey-native/artifacts/A-initial/app.mjs
npm notice 825B evaluation/journey-native/artifacts/A-initial/HANDOFF.md
npm notice 7.6kB evaluation/journey-native/fixture/calibration.json
npm notice 1.1kB evaluation/journey-native/fixture/check-continuity.mjs
npm notice 635B evaluation/journey-native/fixture/evaluate.mjs
npm notice 1.7kB evaluation/journey-native/fixture/evaluator/contract-initial.json
npm notice 2.0kB evaluation/journey-native/fixture/evaluator/contract-maintenance.json
npm notice 3.3kB evaluation/journey-native/fixture/evaluator/controls/category/app.mjs
npm notice 3.3kB evaluation/journey-native/fixture/evaluator/controls/durability/app.mjs
npm notice 3.3kB evaluation/journey-native/fixture/evaluator/controls/finality/app.mjs
npm notice 3.3kB evaluation/journey-native/fixture/evaluator/controls/healthy/app.mjs
npm notice 3.3kB evaluation/journey-native/fixture/evaluator/controls/intake/app.mjs
npm notice 3.3kB evaluation/journey-native/fixture/evaluator/controls/integrity/app.mjs
npm notice 4.9kB evaluation/journey-native/fixture/evaluator/initial-checks.mjs
npm notice 600B evaluation/journey-native/fixture/evaluator/initial-runner.mjs
npm notice 6.7kB evaluation/journey-native/fixture/evaluator/maintenance-checks.mjs
npm notice 619B evaluation/journey-native/fixture/evaluator/maintenance-runner.mjs
npm notice 4.9kB evaluation/journey-native/fixture/initial/acceptance.mjs
npm notice 2.7kB evaluation/journey-native/fixture/initial/CONTRACT.md
npm notice 6.7kB evaluation/journey-native/fixture/maintenance/acceptance.mjs
npm notice 1.6kB evaluation/journey-native/fixture/maintenance/MAINTENANCE.md
npm notice 2.1kB evaluation/journey-native/fixture/manifest.json
npm notice 1.5kB evaluation/journey-native/fixture/prepare-maintenance.mjs
npm notice 2.9kB evaluation/journey-native/fixture/PROTOCOL.md
npm notice 2.1kB evaluation/journey-native/fixture/SHA256SUMS
npm notice 11.5kB evaluation/journey-native/frozen-inputs.json
npm notice 6.1kB evaluation/journey-native/README.md
npm notice 3.7kB evaluation/journey-native/results.json
npm notice 2.3kB evaluation/journey-native/review.md
npm notice 4.9kB evaluation/journey-native/trace-excerpts.json
npm notice 3.1kB evaluation/maintenance-diagnostics/startup-preflight.json
npm notice 1.1kB evaluation/maintenance-fixtures/evidence/export-review-correction.json
npm notice 730B evaluation/maintenance-fixtures/evidence/export-validation.json
npm notice 2.6kB evaluation/maintenance-fixtures/evidence/original-setup-without-git.json
npm notice 6.4kB evaluation/maintenance-fixtures/evidence/private-companion-adoption.json
npm notice 6.4kB evaluation/maintenance-fixtures/evidence/public-adoption.json
npm notice 308B evaluation/maintenance-fixtures/evidence/public-v1-reproduction.json
npm notice 73.9kB evaluation/maintenance-fixtures/evidence/public-v2-reproduction.json
npm notice 74.7kB evaluation/maintenance-fixtures/evidence/public-v3-reproduction.json
npm notice 972B evaluation/maintenance-fixtures/evidence/v1-syntax-failure.json
npm notice 85.8kB evaluation/maintenance-fixtures/evidence/v2-public-calibration.json
npm notice 86.5kB evaluation/maintenance-fixtures/evidence/v3-public-calibration.json
npm notice 3.3kB evaluation/maintenance-fixtures/EXPORT.json
npm notice 65B evaluation/maintenance-fixtures/EXPORT.sha256
npm notice 2.0kB evaluation/maintenance-fixtures/history/v1-verify-freeze.mjs
npm notice 6.6kB evaluation/maintenance-fixtures/history/v2-evaluate.mjs
npm notice 17.6kB evaluation/maintenance-fixtures/portable/bundles/resume-filter.bundle
npm notice 16.6kB evaluation/maintenance-fixtures/portable/bundles/title-policy.bundle
npm notice 16.3kB evaluation/maintenance-fixtures/portable/bundles/trim-boundary.bundle
npm notice 2.9kB evaluation/maintenance-fixtures/portable/portable-manifest.json
npm notice 1.4kB evaluation/maintenance-fixtures/portable/README.md
npm notice 3.8kB evaluation/maintenance-fixtures/portable/setup.mjs
npm notice 3.6kB evaluation/maintenance-fixtures/portable/test-adoption.mjs
npm notice 4.8kB evaluation/maintenance-fixtures/provenance/derivation.json
npm notice 46.4kB evaluation/maintenance-fixtures/provenance/original-v1-FREEZE.json
npm notice 46.6kB evaluation/maintenance-fixtures/provenance/original-v2-FREEZE.json
npm notice 46.6kB evaluation/maintenance-fixtures/provenance/original-v3-FREEZE.json
npm notice 5.9kB evaluation/maintenance-fixtures/README.md
npm notice 2.9kB evaluation/maintenance-fixtures/scripts/reproduce.mjs
npm notice 2.2kB evaluation/maintenance-fixtures/scripts/verify.mjs
npm notice 295.6kB evaluation/maintenance-fixtures/suite-public.tar.gz
npm notice 2.3kB evaluation/maintenance-native/EXPORT.json
npm notice 250.9kB evaluation/maintenance-native/frozen.json
npm notice 65B evaluation/maintenance-native/frozen.sha256
npm notice 101B evaluation/maintenance-native/ledger/readiness.json
npm notice 1.4kB evaluation/maintenance-native/outcomes.json
npm notice 60B evaluation/maintenance-native/private/readiness-dispatch.json
npm notice 2.5kB evaluation/maintenance-native/private/readiness-result.json
npm notice 0B evaluation/maintenance-native/private/readiness.jsonl
npm notice 44B evaluation/maintenance-native/private/readiness.stderr
npm notice 3.0kB evaluation/maintenance-native/README.md
npm notice 720B evaluation/method-feedback/control/CONTRACT.md
npm notice 133B evaluation/method-feedback/control/package.json
npm notice 168B evaluation/method-feedback/control/reports/previous.txt
npm notice 441B evaluation/method-feedback/control/src/stock.mjs
npm notice 645B evaluation/method-feedback/control/test/stock.test.mjs
npm notice 2.7kB evaluation/method-feedback/README.md
npm notice 885B evaluation/method-feedback/ui/BRIEF.md
npm notice 288B evaluation/method-feedback/ui/layout.css
npm notice 5.5kB evaluation/native-pilot-results.json
npm notice 6.0kB evaluation/product-maturity/architecture-cases.json
npm notice 2.3kB evaluation/product-maturity/architecture-visuals.json
npm notice 12.3kB evaluation/product-maturity/cases.json
npm notice 3.6kB evaluation/product-maturity/portable-cases.json
npm notice 6.2kB evaluation/product-maturity/README.md
npm notice 4.3kB evaluation/README.md
npm notice 187B evaluation/review-detection/fixtures/compatibility.mjs
npm notice 219B evaluation/review-detection/fixtures/consumer.mjs
npm notice 224B evaluation/review-detection/fixtures/control.mjs
npm notice 438B evaluation/review-detection/fixtures/sensitive.mjs
npm notice 299B evaluation/review-detection/fixtures/submission.mjs
npm notice 1.1kB evaluation/review-detection/observed-0.4.1/adjudication.json
npm notice 353B evaluation/review-detection/observed-0.4.1/case-a/sensitive.mjs
npm notice 213B evaluation/review-detection/observed-0.4.1/case-b/submission.mjs
npm notice 101B evaluation/review-detection/observed-0.4.1/case-c/compatibility.mjs
npm notice 151B evaluation/review-detection/observed-0.4.1/case-c/consumer.mjs
npm notice 224B evaluation/review-detection/observed-0.4.1/case-d/control.mjs
npm notice 475B evaluation/review-detection/observed-0.4.1/input-hashes.json
npm notice 9.5kB evaluation/review-detection/observed-0.4.1/method-hashes.json
npm notice 1.1kB evaluation/review-detection/observed-0.4.1/probe-results.json
npm notice 10.9kB evaluation/review-detection/observed-0.4.1/raw-findings.md
npm notice 2.4kB evaluation/review-detection/observed-0.4.1/README.md
npm notice 3.0kB evaluation/review-detection/observed-0.4.1/review-probes.mjs
npm notice 336B evaluation/review-detection/observed-0.4.1/score.json
npm notice 513B evaluation/review-detection/observed-0.4.1/TASK.md
npm notice 938B evaluation/review-detection/oracle.json
npm notice 4.7kB evaluation/review-detection/README.md
npm notice 2.8kB evaluation/review-detection/reproduce.test.mjs
npm notice 1.9kB evaluation/review-detection/score.mjs
npm notice 4.7kB evaluation/short-intent/README.md
npm notice 4.7kB evaluation/short-intent/requests.json
npm notice 256B evaluation/work-mode-review/CONTRACT.md
npm notice 2.3kB evaluation/work-mode-review/probe-output.txt
npm notice 1.4kB evaluation/work-mode-review/probe.mjs
npm notice 1.8kB evaluation/work-mode-review/README.md
npm notice 333B evaluation/work-mode-review/reservations.mjs
npm notice 487B evaluation/work-mode-review/reservations.test.mjs
npm notice 1.5kB evaluation/work-mode-review/result.json
npm notice 768B examples/bugfix/acceptance.test.mjs
npm notice 143B examples/bugfix/page-size.mjs
npm notice 2.8kB examples/clair-from-zero/AGENT-EVALUATION.md
npm notice 8.8kB examples/clair-from-zero/app/app.mjs
npm notice 2.2kB examples/clair-from-zero/app/domain.mjs
npm notice 6.1kB examples/clair-from-zero/app/index.html
npm notice 292B examples/clair-from-zero/app/storage.mjs
npm notice 10.9kB examples/clair-from-zero/app/styles.css
npm notice 3.2kB examples/clair-from-zero/browser-check.cjs
npm notice 5.9kB examples/clair-from-zero/MISSION.md
npm notice 2.4kB examples/clair-from-zero/README.md
npm notice 3.2kB examples/clair-from-zero/tests/domain.test.mjs
npm notice 6.5kB examples/evidence-lab/app/public/app.js
npm notice 3.3kB examples/evidence-lab/app/public/index.html
npm notice 6.8kB examples/evidence-lab/app/public/style.css
npm notice 5.3kB examples/evidence-lab/app/README.md
npm notice 4.4kB examples/evidence-lab/app/server.mjs
npm notice 4.7kB examples/evidence-lab/app/server.test.mjs
npm notice 6.1kB examples/evidence-lab/app/store.mjs
npm notice 6.0kB examples/evidence-lab/app/store.test.mjs
npm notice 7.0kB examples/evidence-lab/evaluator/check.mjs
npm notice 1.5kB examples/evidence-lab/evaluator/contract.json
npm notice 4.8kB examples/evidence-lab/evaluator/control-results.json
npm notice 99B examples/evidence-lab/evaluator/expected-seeds.json
npm notice 3.8kB examples/evidence-lab/evaluator/README.md
npm notice 2.4kB examples/evidence-lab/evaluator/reference.mjs
npm notice 3.3kB examples/evidence-lab/evaluator/run-controls.mjs
npm notice 329B examples/evidence-lab/evaluator/weak-check.mjs
npm notice 966B examples/evidence-lab/evaluator/weak-contract.json
npm notice 447B examples/fullstack/api/application/tasks.ts
npm notice 577B examples/fullstack/api/domain/task.ts
npm notice 1.5kB examples/fullstack/api/http.ts
npm notice 761B examples/fullstack/api/infrastructure/migrate.ts
npm notice 706B examples/fullstack/api/infrastructure/postgres.ts
npm notice 331B examples/fullstack/api/infrastructure/schema.ts
npm notice 945B examples/fullstack/api/main.ts
npm notice 338B examples/fullstack/api/tsconfig.json
npm notice 429B examples/fullstack/compose.yaml
npm notice 3.4kB examples/fullstack/CONTRACT.md
npm notice 2.5kB examples/fullstack/DEPENDENCIES.md
npm notice 154B examples/fullstack/migrations/0000_tasks.sql
npm notice 200B examples/fullstack/migrations/meta/_journal.json
npm notice 4.0kB examples/fullstack/mission.json
npm notice 90.5kB examples/fullstack/package-lock.json
npm notice 1.4kB examples/fullstack/package.json
npm notice 7.8kB examples/fullstack/README.md
npm notice 3.2kB examples/fullstack/tests/e2e.test.cjs
npm notice 3.3kB examples/fullstack/tests/http.test.cjs
npm notice 3.0kB examples/fullstack/tests/postgres.test.cjs
npm notice 1.4kB examples/fullstack/tests/unit.test.cjs
npm notice 1.4kB examples/fullstack/tests/web-model.test.cjs
npm notice 314B examples/fullstack/web/app/layout.tsx
npm notice 622B examples/fullstack/web/app/page.tsx
npm notice 674B examples/fullstack/web/features/tasks/components/task-list.tsx
npm notice 271B examples/fullstack/web/features/tasks/hooks/use-task-filter.ts
npm notice 661B examples/fullstack/web/features/tasks/model/tasks.ts
npm notice 407B examples/fullstack/web/features/tasks/server/list-tasks.ts
npm notice 131B examples/fullstack/web/next.config.mjs
npm notice 639B examples/fullstack/web/tsconfig.json
npm notice 784B examples/mission-dialogue/architecture/decisions/001-storage.md
npm notice 1.1kB examples/mission-dialogue/docs/missions/first-save/PLAN.md
npm notice 488B examples/mission-dialogue/docs/missions/first-save/REPRISE.md
npm notice 976B examples/mission-dialogue/docs/missions/first-save/tickets/SAVE-1.md
npm notice 570B examples/mission-dialogue/docs/missions/legacy-copy.md
npm notice 188B examples/mission-dialogue/docs/produit/REGLES.md
npm notice 741B examples/mission-dialogue/PROJECT_PROFILE.md
npm notice 196B examples/mission/CONTRACT.md
npm notice 1.2kB examples/mission/mission.json
npm notice 667B examples/mission/plan.json
npm notice 2.8kB examples/pocket-tasks/BRIEF.md
npm notice 1.2kB examples/pocket-tasks/docs/ADR-001.md
npm notice 2.2kB examples/pocket-tasks/docs/HANDOFF.md
npm notice 1.5kB examples/pocket-tasks/docs/MISSION.md
npm notice 6.0kB examples/pocket-tasks/docs/VERIFICATION.md
npm notice 169B examples/pocket-tasks/package.json
npm notice 2.2kB examples/pocket-tasks/PROJECT_PROFILE.md
npm notice 7.2kB examples/pocket-tasks/public/app.js
npm notice 1.9kB examples/pocket-tasks/public/index.html
npm notice 3.8kB examples/pocket-tasks/public/styles.css
npm notice 4.0kB examples/pocket-tasks/README.md
npm notice 5.4kB examples/pocket-tasks/server.mjs
npm notice 1.5kB examples/pocket-tasks/src/domain.mjs
npm notice 2.1kB examples/pocket-tasks/src/store.mjs
npm notice 9.5kB examples/pocket-tasks/tests/app.test.mjs
npm notice 5.5kB examples/pocket-tasks/tests/ui-errors.test.mjs
npm notice 3.2kB examples/README.md
npm notice 828B examples/review/README.md
npm notice 61.5kB examples/review/review-demo.html
npm notice 6.5kB examples/review/review.json
npm notice 4.5kB examples/review/REVIEW.md
npm notice 6.3kB examples/seance/code/app.js
npm notice 7.6kB examples/seance/code/domain.js
npm notice 10.6kB examples/seance/code/render.js
npm notice 365B examples/seance/code/storage.js
npm notice 737B examples/seance/index.html
npm notice 5.7kB examples/seance/README.md
npm notice 3.2kB examples/seance/style.css
npm notice 410B examples/studio-ateliers-react/components.json
npm notice 348B examples/studio-ateliers-react/index.html
npm notice 905B examples/studio-ateliers-react/package.json
npm notice 3.7kB examples/studio-ateliers-react/README.md
npm notice 132B examples/studio-ateliers-react/src/app/App.tsx
npm notice 3.4kB examples/studio-ateliers-react/src/features/workshops/components/Registrations.tsx
npm notice 5.4kB examples/studio-ateliers-react/src/features/workshops/components/WorkshopCard.tsx
npm notice 5.5kB examples/studio-ateliers-react/src/features/workshops/components/WorkshopPage.tsx
npm notice 1.3kB examples/studio-ateliers-react/src/features/workshops/hooks/useBookingDrafts.ts
npm notice 3.6kB examples/studio-ateliers-react/src/features/workshops/hooks/useWorkshopData.ts
npm notice 1.4kB examples/studio-ateliers-react/src/features/workshops/hooks/useWorkshopFilter.ts
npm notice 6.6kB examples/studio-ateliers-react/src/features/workshops/model/domain.ts
npm notice 210B examples/studio-ateliers-react/src/features/workshops/model/navigation.ts
npm notice 778B examples/studio-ateliers-react/src/features/workshops/model/types.ts
npm notice 2.3kB examples/studio-ateliers-react/src/features/workshops/services/workshop-store.ts
npm notice 339B examples/studio-ateliers-react/src/main.tsx
npm notice 177B examples/studio-ateliers-react/src/shared/lib/cn.ts
npm notice 2.6kB examples/studio-ateliers-react/src/shared/ui/button.tsx
npm notice 13.4kB examples/studio-ateliers-react/src/styles.css
npm notice 4.1kB examples/studio-ateliers-react/tests/domain.test.ts
npm notice 2.4kB examples/studio-ateliers-react/tests/store.test.ts
npm notice 1.8kB examples/studio-ateliers-react/THIRD_PARTY_NOTICES.md
npm notice 713B examples/studio-ateliers-react/tsconfig.json
npm notice 448B examples/studio-ateliers-react/vite.config.ts
npm notice 4.0kB examples/studio-ateliers/README.md
npm notice 12.4kB examples/studio-ateliers/revisions/1aea70fe-1134-4dfa-a872-a79e3003b6aa/app/app.js
npm notice 4.5kB examples/studio-ateliers/revisions/1aea70fe-1134-4dfa-a872-a79e3003b6aa/app/index.html
npm notice 3.9kB examples/studio-ateliers/revisions/1aea70fe-1134-4dfa-a872-a79e3003b6aa/app/lib.mjs
npm notice 1.6kB examples/studio-ateliers/revisions/1aea70fe-1134-4dfa-a872-a79e3003b6aa/app/README.md
npm notice 10.5kB examples/studio-ateliers/revisions/1aea70fe-1134-4dfa-a872-a79e3003b6aa/app/styles.css
npm notice 6.2kB examples/studio-ateliers/revisions/1aea70fe-1134-4dfa-a872-a79e3003b6aa/app/tests.mjs
npm notice 12.4kB examples/studio-ateliers/revisions/3e5a7370-5d8d-405b-84df-5255562e886d/app/app.js
npm notice 4.5kB examples/studio-ateliers/revisions/3e5a7370-5d8d-405b-84df-5255562e886d/app/index.html
npm notice 3.9kB examples/studio-ateliers/revisions/3e5a7370-5d8d-405b-84df-5255562e886d/app/lib.mjs
npm notice 1.6kB examples/studio-ateliers/revisions/3e5a7370-5d8d-405b-84df-5255562e886d/app/README.md
npm notice 9.0kB examples/studio-ateliers/revisions/3e5a7370-5d8d-405b-84df-5255562e886d/app/styles.css
npm notice 6.2kB examples/studio-ateliers/revisions/3e5a7370-5d8d-405b-84df-5255562e886d/app/tests.mjs
npm notice 12.4kB examples/studio-ateliers/revisions/4bb3238f-fd3a-4edb-8377-89d5850cc258/app/app.js
npm notice 4.5kB examples/studio-ateliers/revisions/4bb3238f-fd3a-4edb-8377-89d5850cc258/app/index.html
npm notice 3.9kB examples/studio-ateliers/revisions/4bb3238f-fd3a-4edb-8377-89d5850cc258/app/lib.mjs
npm notice 1.6kB examples/studio-ateliers/revisions/4bb3238f-fd3a-4edb-8377-89d5850cc258/app/README.md
npm notice 10.5kB examples/studio-ateliers/revisions/4bb3238f-fd3a-4edb-8377-89d5850cc258/app/styles.css
npm notice 6.2kB examples/studio-ateliers/revisions/4bb3238f-fd3a-4edb-8377-89d5850cc258/app/tests.mjs
npm notice 10.5kB examples/studio-ateliers/revisions/63ac6700-375d-44e2-b28d-6eefad79de90/app/app.js
npm notice 4.5kB examples/studio-ateliers/revisions/63ac6700-375d-44e2-b28d-6eefad79de90/app/index.html
npm notice 2.1kB examples/studio-ateliers/revisions/63ac6700-375d-44e2-b28d-6eefad79de90/app/lib.mjs
npm notice 581B examples/studio-ateliers/revisions/63ac6700-375d-44e2-b28d-6eefad79de90/app/README.md
npm notice 8.9kB examples/studio-ateliers/revisions/63ac6700-375d-44e2-b28d-6eefad79de90/app/styles.css
npm notice 2.1kB examples/studio-ateliers/revisions/63ac6700-375d-44e2-b28d-6eefad79de90/app/tests.mjs
npm notice 10.3kB examples/studio-ateliers/revisions/210f6cc8-5be2-4e3e-a7ec-fc7d7404f4e9/app/app.js
npm notice 4.5kB examples/studio-ateliers/revisions/210f6cc8-5be2-4e3e-a7ec-fc7d7404f4e9/app/index.html
npm notice 2.6kB examples/studio-ateliers/revisions/210f6cc8-5be2-4e3e-a7ec-fc7d7404f4e9/app/lib.mjs
npm notice 581B examples/studio-ateliers/revisions/210f6cc8-5be2-4e3e-a7ec-fc7d7404f4e9/app/README.md
npm notice 8.9kB examples/studio-ateliers/revisions/210f6cc8-5be2-4e3e-a7ec-fc7d7404f4e9/app/styles.css
npm notice 2.8kB examples/studio-ateliers/revisions/210f6cc8-5be2-4e3e-a7ec-fc7d7404f4e9/app/tests.mjs
npm notice 12.4kB examples/studio-ateliers/revisions/b44b4b37-4d31-4a72-a9b2-da47c95cabc9/app/app.js
npm notice 4.5kB examples/studio-ateliers/revisions/b44b4b37-4d31-4a72-a9b2-da47c95cabc9/app/index.html
npm notice 3.9kB examples/studio-ateliers/revisions/b44b4b37-4d31-4a72-a9b2-da47c95cabc9/app/lib.mjs
npm notice 1.6kB examples/studio-ateliers/revisions/b44b4b37-4d31-4a72-a9b2-da47c95cabc9/app/README.md
npm notice 9.9kB examples/studio-ateliers/revisions/b44b4b37-4d31-4a72-a9b2-da47c95cabc9/app/styles.css
npm notice 6.2kB examples/studio-ateliers/revisions/b44b4b37-4d31-4a72-a9b2-da47c95cabc9/app/tests.mjs
npm notice 426B examples/studio-ateliers/state/agent.json
npm notice 1.4kB examples/studio-ateliers/state/data.json
npm notice 44.4kB examples/studio-ateliers/state/studio.json
npm notice 3.5kB examples/visual-pilot/app/app.js
npm notice 1.7kB examples/visual-pilot/app/index.html
npm notice 1.5MB examples/visual-pilot/app/reference.png
npm notice 4.9kB examples/visual-pilot/app/style.css
npm notice 2.8kB examples/visual-pilot/browser-check.cjs
npm notice 394.6kB examples/visual-pilot/desktop-actual.png
npm notice 1.7kB examples/visual-pilot/directions-prompt.txt
npm notice 1.6MB examples/visual-pilot/directions-v1.png
npm notice 2.0kB examples/visual-pilot/editorial-mockup-prompt.txt
npm notice 1.5MB examples/visual-pilot/editorial-mockup-v1.png
npm notice 127.1kB examples/visual-pilot/mismatch-probe.png
npm notice 127.9kB examples/visual-pilot/mobile-actual.png
npm notice 1.9kB examples/visual-pilot/quick-filter/AGENT-RESULT.md
npm notice 1.1kB examples/visual-pilot/quick-filter/baseline.log
npm notice 122B examples/visual-pilot/quick-filter/filter.mjs
npm notice 456B examples/visual-pilot/quick-filter/filter.test.mjs
npm notice 1.7kB examples/visual-pilot/README.md
npm notice 4.0kB package.json
npm notice 1.8kB scripts/atelier.mjs
npm notice 3.7kB scripts/atelier/discovery.mjs
npm notice 9.7kB scripts/atelier/domain.mjs
npm notice 10.9kB scripts/atelier/gazette.json
npm notice 19.6kB scripts/atelier/public/app.js
npm notice 944B scripts/atelier/public/controls.js
npm notice 4.4kB scripts/atelier/public/discovery-view.js
npm notice 4.0kB scripts/atelier/public/index.html
npm notice 15.1kB scripts/atelier/public/style.css
npm notice 4.2kB scripts/atelier/public/transfer-app.js
npm notice 538B scripts/atelier/public/transfer.css
npm notice 3.4kB scripts/atelier/public/transfer.html
npm notice 8.2kB scripts/atelier/public/views.js
npm notice 8.3kB scripts/atelier/schema.mjs
npm notice 8.4kB scripts/atelier/server.mjs
npm notice 2.2kB scripts/atelier/store.mjs
npm notice 1.6kB scripts/build-review.mjs
npm notice 2.1kB scripts/build-studio-notices.mjs
npm notice 1.7kB scripts/check-codex-git.mjs
npm notice 1.1kB scripts/check-docs.mjs
npm notice 1.0kB scripts/check-native-sandbox.mjs
npm notice 1.3kB scripts/comparison-readiness.mjs
npm notice 5.2kB scripts/comparison.mjs
npm notice 6.1kB scripts/discovery/search.mjs
npm notice 2.1kB scripts/discovery/transfer/domain.mjs
npm notice 827B scripts/discovery/transfer/machine.mjs
npm notice 3.8kB scripts/discovery/transfer/README.md
npm notice 16.5kB scripts/evaluate-behavior.mjs
npm notice 4.5kB scripts/evaluation.mjs
npm notice 8.6kB scripts/evidence-demo.mjs
npm notice 4.6kB scripts/evidence-holdout.mjs
npm notice 3.2kB scripts/evidence-restart-check.mjs
npm notice 5.7kB scripts/evidence-restart-comparison.mjs
npm notice 2.4kB scripts/fullstack-mission.mjs
npm notice 1.3kB scripts/hosts/checks.mjs
npm notice 1.6kB scripts/hosts/codex-meter.mjs
npm notice 3.3kB scripts/hosts/codex-rpc.mjs
npm notice 4.0kB scripts/hosts/codex-task.mjs
npm notice 2.1kB scripts/hosts/codex.mjs
npm notice 755B scripts/markdown-links.mjs
npm notice 839B scripts/media/demo-actions.cjs
npm notice 1.9kB scripts/media/encode-demo.py
npm notice 3.4kB scripts/media/record-demo.cjs
npm notice 9.7kB scripts/media/review-extension/extend.py
npm notice 2.0kB scripts/media/visual-short/check.cjs
npm notice 1.9kB scripts/media/visual-short/encode.py
npm notice 11.1kB scripts/media/visual-short/record.cjs
npm notice 6.4kB scripts/media/visual-short/story.py
npm notice 6.0kB scripts/native-host.mjs
npm notice 20.3kB scripts/native-journey-smoke.mjs
npm notice 18.4kB scripts/native-maintenance.mjs
npm notice 2.5kB scripts/package-atelier-smoke.mjs
npm notice 1.5kB scripts/package-guard-smoke.mjs
npm notice 2.7kB scripts/package-react-smoke.mjs
npm notice 15.7kB scripts/package-smoke.mjs
npm notice 9.2kB scripts/package-studio-smoke.mjs
npm notice 7.0kB scripts/prepare-behavior-case.mjs
npm notice 4.7kB scripts/probe-codex-children.mjs
npm notice 2.0kB scripts/quality-report.mjs
npm notice 5.8kB scripts/run-comparison-v2.mjs
npm notice 8.4kB scripts/run-native-pilot.mjs
npm notice 112B scripts/studio.mjs
npm notice 5.3kB scripts/studio/archive.mjs
npm notice 5.0kB scripts/studio/backend-runtime.mjs
npm notice 1.8kB scripts/studio/budget.mjs
npm notice 3.4kB scripts/studio/bundle.mjs
npm notice 8.7kB scripts/studio/cli.mjs
npm notice 1.6kB scripts/studio/connector-routes.mjs
npm notice 26.4kB scripts/studio/connectors-catalog.mjs
npm notice 8.4kB scripts/studio/connectors-tickets.mjs
npm notice 2.9kB scripts/studio/connectors-validation.mjs
npm notice 14.1kB scripts/studio/connectors.mjs
npm notice 10.0kB scripts/studio/design-journey.mjs
npm notice 28.5kB scripts/studio/domain.mjs
npm notice 19.9kB scripts/studio/editor.mjs
npm notice 1.7kB scripts/studio/example.mjs
npm notice 4.1kB scripts/studio/files.mjs
npm notice 10.4kB scripts/studio/home-launch.mjs
npm notice 3.0kB scripts/studio/home-preview-assets.mjs
npm notice 2.2kB scripts/studio/home-preview-data.mjs
npm notice 5.4kB scripts/studio/home-preview.mjs
npm notice 7.2kB scripts/studio/home-server.mjs
npm notice 12.0kB scripts/studio/home-store.mjs
npm notice 1.3kB scripts/studio/http.mjs
npm notice 5.4kB scripts/studio/import-context.mjs
npm notice 4.3kB scripts/studio/import-contract.mjs
npm notice 422B scripts/studio/import-paths.mjs
npm notice 7.5kB scripts/studio/import.mjs
npm notice 4.1kB scripts/studio/intelligence.mjs
npm notice 13.2kB scripts/studio/intelligence/ast.mjs
npm notice 2.9kB scripts/studio/intelligence/impact.mjs
npm notice 23.0kB scripts/studio/intelligence/model.mjs
npm notice 5.9kB scripts/studio/intelligence/resolution.mjs
npm notice 13.4kB scripts/studio/jobs.mjs
npm notice 2.2kB scripts/studio/mcp-broker-routes.mjs
npm notice 13.6kB scripts/studio/mcp-broker.mjs
npm notice 1.0kB scripts/studio/mcp-cli.mjs
npm notice 3.8kB scripts/studio/mcp-client.mjs
npm notice 4.5kB scripts/studio/mcp-contract.mjs
npm notice 10.8kB scripts/studio/mcp-manager.mjs
npm notice 4.8kB scripts/studio/mcp-network.mjs
npm notice 4.9kB scripts/studio/mcp-oauth.mjs
npm notice 3.1kB scripts/studio/mcp-routes.mjs
npm notice 1.2kB scripts/studio/mcp-schema-worker.mjs
npm notice 2.6kB scripts/studio/mcp-schema.mjs
npm notice 1.9kB scripts/studio/mcp-selection.mjs
npm notice 2.1kB scripts/studio/mcp-store.mjs
npm notice 3.6kB scripts/studio/mcp-tools.mjs
npm notice 9.2kB scripts/studio/preview.mjs
npm notice 3.8kB scripts/studio/profile.mjs
npm notice 9.0kB scripts/studio/progress.mjs
npm notice 13.1kB scripts/studio/proposals.mjs
npm notice 2.0kB scripts/studio/public/api.js
npm notice 35.9kB scripts/studio/public/app.js
npm notice 3.8kB scripts/studio/public/code-widget.js
npm notice 3.5kB scripts/studio/public/comparison-guard.js
npm notice 4.5kB scripts/studio/public/comparison-view.js
npm notice 459B scripts/studio/public/connector-icons.css
npm notice 1.4kB scripts/studio/public/connectors-controller.js
npm notice 2.9kB scripts/studio/public/discussion-sizing.css
npm notice 6.1kB scripts/studio/public/editor.css
npm notice 13.9kB scripts/studio/public/home-composer.css
npm notice 21.2kB scripts/studio/public/home-gallery.css
npm notice 14.7kB scripts/studio/public/home.css
npm notice 928B scripts/studio/public/home.html
npm notice 29.5kB scripts/studio/public/index.html
npm notice 3.1kB scripts/studio/public/layout.css
npm notice 7.6kB scripts/studio/public/mcp-connections.css
npm notice 740B scripts/studio/public/mcp-selection.js
npm notice 1.4kB scripts/studio/public/progress-controller.js
npm notice 4.5kB scripts/studio/public/progress.css
npm notice 4.5kB scripts/studio/public/proposal-controller.js
npm notice 4.0kB scripts/studio/public/shell-navigation.css
npm notice 5.6kB scripts/studio/public/source-compact.css
npm notice 4.1kB scripts/studio/public/source-diff.js
npm notice 28.6kB scripts/studio/public/source-editor.js
npm notice 28.5kB scripts/studio/public/source-view.js
npm notice 64.3kB scripts/studio/public/style.css
npm notice 6.4kB scripts/studio/public/technical-workspace.js
npm notice 22.1kB scripts/studio/public/technical.css
npm notice 10.8kB scripts/studio/public/version-presentation.js
npm notice 20.2kB scripts/studio/public/views.js
npm notice 6.6kB scripts/studio/quality-adapters.mjs
npm notice 9.6kB scripts/studio/quality-catalog.mjs
npm notice 2.0kB scripts/studio/quality-criteria.mjs
npm notice 6.8kB scripts/studio/quality-external.mjs
npm notice 2.9kB scripts/studio/quality-react.mjs
npm notice 4.5kB scripts/studio/quality-storage.mjs
npm notice 11.5kB scripts/studio/quality.mjs
npm notice 66B scripts/studio/react-build.mjs
npm notice 3.6kB scripts/studio/react-example.mjs
npm notice 8.4kB scripts/studio/runner-progress.mjs
npm notice 15.8kB scripts/studio/runner.mjs
npm notice 17.9kB scripts/studio/server.mjs
npm notice 4.2kB scripts/studio/source.mjs
npm notice 7.9kB scripts/studio/store.mjs
npm notice 2.8kB scripts/studio/verify.mjs
npm notice 7.0kB scripts/studio/workflow.mjs
npm notice 1.5kB scripts/summarize-native-pilot.mjs
npm notice 410B templates/studio-react/components.json
npm notice 352B templates/studio-react/index.html
npm notice 830B templates/studio-react/package.json
npm notice 2.6kB templates/studio-react/README.md
npm notice 1.2kB templates/studio-react/src/app/App.tsx
npm notice 339B templates/studio-react/src/main.tsx
npm notice 177B templates/studio-react/src/shared/lib/cn.ts
npm notice 2.6kB templates/studio-react/src/shared/ui/button.tsx
npm notice 1.1kB templates/studio-react/src/styles.css
npm notice 1.8kB templates/studio-react/THIRD_PARTY_NOTICES.md
npm notice 694B templates/studio-react/tsconfig.json
npm notice 448B templates/studio-react/vite.config.ts
npm notice Tarball Details
npm notice name: devmethod-ai
npm notice version: 0.5.0
npm notice filename: devmethod-ai-0.5.0.tgz
npm notice package size: 59.5 MB
npm notice unpacked size: 81.5 MB
npm notice shasum: d3c9ff16b62d5f0ff6651cd4ac0d50ee507317ae
npm notice integrity: sha512-YWkiAUYRQ4lVU[...]w6FEs1+StwgjA==
npm notice total files: 1411
npm notice
devmethod-ai-0.5.0.tgz
